integration_scope,integration_note,scenario,display_name,year,years_from_2026,planned_linear_target_gtco2_y,actual_capacity_gtco2_y,binding_constraint,clean_energy_available_twh_y,energy_limited_capacity_gtco2_y,robots_in_service_for_aether,robot_limited_capacity_gtco2_y,storage_limited_capacity_gtco2_y,budget_limited_capacity_gtco2_y,learning_basis,learning_reference_cumulative_production_gtco2,cumulative_realized_production_at_start_gtco2,learning_doublings_from_realized_production,learned_cost_usd_tco2,annual_cost_trillion_usd,emissions_gtco2_y,rebound_gtco2_y,net_removal_after_emissions_and_rebound_gtco2_y,cumulative_realized_production_at_end_gtco2
partially_coupled_screening,"Joint screen of this model's planned capacity, clean-energy, robot, storage, budget, emissions, and rebound assumptions only; it does not establish a common feasible scenario with the separate regional, lifecycle, MRV, or field-productivity screens.",reference_extrapolation,Reference extrapolation,2026,0,0.0,0.0,startup,127.5,0.07650000000000001,54207.600000000006,0.18069200000000002,0.0,4.0,cumulative_realized_removal_gtco2,0.00204,0.00204,0.0,500.0,0.0,42.2,0.0,-42.2,0.00204
partially_coupled_screening,"Joint screen of this model's planned capacity, clean-energy, robot, storage, budget, emissions, and rebound assumptions only; it does not establish a common feasible scenario with the separate regional, lifecycle, MRV, or field-productivity screens.",reference_extrapolation,Reference extrapolation,2027,1,5.0,0.15759,clean_energy,262.65,0.15759,114920.11200000002,0.3830670400000001,0.32467325494179095,4.0,cumulative_realized_removal_gtco2,0.00204,0.00204,0.0,500.0,0.078795,41.99,0.0709155,-41.9033255,0.15963
partially_coupled_screening,"Joint screen of this model's planned capacity, clean-energy, robot, storage, budget, emissions, and rebound assumptions only; it does not establish a common feasible scenario with the separate regional, lifecycle, MRV, or field-productivity screens.",reference_extrapolation,Reference extrapolation,2028,2,10.0,0.24354540000000005,clean_energy,405.90900000000005,0.24354540000000005,182918.12544000003,0.6097270848000002,0.8870334730839388,7.760245655496062,cumulative_realized_removal_gtco2,0.00204,0.15963,6.290018846932618,257.72380009433516,0.06276744598349492,41.78,0.10959543000000002,-41.64605003,0.4031754000000001
partially_coupled_screening,"Joint screen of this model's planned capacity, clean-energy, robot, storage, budget, emissions, and rebound assumptions only; it does not establish a common feasible scenario with the separate regional, lifecycle, MRV, or field-productivity screens.",reference_extrapolation,Reference extrapolation,2029,3,15.0,0.33465812400000006,clean_energy,557.76354,0.33465812400000006,259075.90049280005,0.8635863349760001,1.596880193642763,8.93384472401709,cumulative_realized_removal_gtco2,0.00204,0.4031754000000001,7.626694652158058,223.8677816532167,0.07491917183210713,41.57,0.15059615580000002,-41.3859380318,0.7378335240000001
partially_coupled_screening,"Joint screen of this model's planned capacity, clean-energy, robot, storage, budget, emissions, and rebound assumptions only; it does not establish a common feasible scenario with the separate regional, lifecycle, MRV, or field-productivity screens.",reference_extrapolation,Reference extrapolation,2030,4,20.0,0.43123761144000006,clean_energy,718.7293524,0.43123761144000006,344372.6085519361,1.1479086951731203,2.423446866642654,9.793406790935366,cumulative_realized_removal_gtco2,0.00204,0.7378335240000001,8.498582377992886,204.21902640163694,0.08806692515604422,41.36,0.19405692514800002,-41.122819313708,1.1690711354400003
partially_coupled_screening,"Joint screen of this model's planned capacity, clean-energy, robot, storage, budget, emissions, and rebound assumptions only; it does not establish a common feasible scenario with the separate regional, lifecycle, MRV, or field-productivity screens.",reference_extrapolation,Reference extrapolation,2031,5,25.0,0.5336118681264,clean_energy,889.353113544,0.5336118681264,439904.92157816846,1.4663497385938948,3.349292070425916,10.503077276066197,cumulative_realized_removal_gtco2,0.00204,1.1690711354400003,9.162577849866237,190.4203832297306,0.10161057642456156,41.150000000000006,0.24012534065688002,-40.85651347253049,1.7026830035664005
partially_coupled_screening,"Joint screen of this model's planned capacity, clean-energy, robot, storage, budget, emissions, and rebound assumptions only; it does not establish a common feasible scenario with the separate regional, lifecycle, MRV, or field-productivity screens.",reference_extrapolation,Reference extrapolation,2032,6,30.0,0.6421285802139841,clean_energy,1070.21430035664,0.6421285802139841,546901.1121675487,1.8230037072251624,4.362805259459537,11.11111111111111,cumulative_realized_removal_gtco2,0.00204,1.7026830035664005,9.705024999218915,180.0,0.11558314443851714,40.940000000000005,0.28895786109629285,-40.58682928088231,2.3448115837803845
partially_coupled_screening,"Joint screen of this model's planned capacity, clean-energy, robot, storage, budget, emissions, and rebound assumptions only; it does not establish a common feasible scenario with the separate regional, lifecycle, MRV, or field-productivity screens.",reference_extrapolation,Reference extrapolation,2033,7,35.0,0.7571562950268231,clean_energy,1261.9271583780385,0.7571562950268231,666736.8456276546,2.2224561520921817,5.455551665095871,11.11111111111111,cumulative_realized_removal_gtco2,0.00204,2.3448115837803845,10.166687132789491,180.0,0.13628813310482818,40.730000000000004,0.3407203327620704,-40.31356403773525,3.1019678788072076
partially_coupled_screening,"Joint screen of this model's planned capacity, clean-energy, robot, storage, budget, emissions, and rebound assumptions only; it does not establish a common feasible scenario with the separate regional, lifecycle, MRV, or field-productivity screens.",reference_extrapolation,Reference extrapolation,2034,8,40.0,0.8790856727284327,clean_energy,1465.142787880721,0.8790856727284327,746745.2671029733,2.4891508903432444,6.621051959878333,11.11111111111111,cumulative_realized_removal_gtco2,0.00204,3.1019678788072076,10.570398879662827,180.0,0.1582354210911179,40.52,0.39558855272779475,-40.03650287999937,3.9810535515356404
partially_coupled_screening,"Joint screen of this model's planned capacity, clean-energy, robot, storage, budget, emissions, and rebound assumptions only; it does not establish a common feasible scenario with the separate regional, lifecycle, MRV, or field-productivity screens.",reference_extrapolation,Reference extrapolation,2035,9,45.0,1.0083308130921387,clean_energy,1680.5513551535641,1.0083308130921387,836354.6991553301,2.7878489971844336,7.854131235126621,11.11111111111111,cumulative_realized_removal_gtco2,0.00204,3.9810535515356404,10.930365410580153,180.0,0.18149954635658497,40.31,0.4537488658914624,-39.75541805279933,4.989384364627779
partially_coupled_screening,"Joint screen of this model's planned capacity, clean-energy, robot, storage, budget, emissions, and rebound assumptions only; it does not establish a common feasible scenario with the separate regional, lifecycle, MRV, or field-productivity screens.",reference_extrapolation,Reference extrapolation,2036,10,50.0,1.1453306618776669,clean_energy,1908.884436462778,1.1453306618776669,936717.2630539698,3.1223908768465662,9.15053559966016,11.11111111111111,cumulative_realized_removal_gtco2,0.00204,4.989384364627779,11.256076946245944,180.0,0.20615951913798003,40.1,0.5153987978449501,-39.47006813596729,6.134715026505446
partially_coupled_screening,"Joint screen of this model's planned capacity, clean-energy, robot, storage, budget, emissions, and rebound assumptions only; it does not establish a common feasible scenario with the separate regional, lifecycle, MRV, or field-productivity screens.",reference_extrapolation,Reference extrapolation,2037,11,55.00000000000001,1.2905505015903271,clean_energy,2150.917502650545,1.2905505015903271,1049123.3346204464,3.4970777820681547,10.506689754577025,11.11111111111111,cumulative_realized_removal_gtco2,0.00204,6.134715026505446,11.554211460966984,180.0,0.2322990902862589,39.89,0.5807477257156473,-39.18019722412532,7.425265528095773
partially_coupled_screening,"Joint screen of this model's planned capacity, clean-energy, robot, storage, budget, emissions, and rebound assumptions only; it does not establish a common feasible scenario with the separate regional, lifecycle, MRV, or field-productivity screens.",reference_extrapolation,Reference extrapolation,2038,12,60.0,1.4444835316857467,clean_energy,2407.472552809578,1.4444835316857467,1175018.1347749,3.9167271159163333,11.919535233603067,11.11111111111111,cumulative_realized_removal_gtco2,0.00204,7.425265528095773,11.829657750192524,180.0,0.26000703570343436,39.68,0.650017589258586,-38.88553405757284,8.869749059781519
partially_coupled_screening,"Joint screen of this model's planned capacity, clean-energy, robot, storage, budget, emissions, and rebound assumptions only; it does not establish a common feasible scenario with the separate regional, lifecycle, MRV, or field-productivity screens.",reference_extrapolation,Reference extrapolation,2039,13,65.0,1.6076525435868918,clean_energy,2679.420905978153,1.6076525435868918,1316020.310947888,4.386734369826294,13.386417808420543,11.11111111111111,cumulative_realized_removal_gtco2,0.00204,8.869749059781519,12.086108421283656,180.0,0.28937745784564056,39.47,0.7234436446141014,-38.585791101027205,10.47740160336841
partially_coupled_screening,"Joint screen of this model's planned capacity, clean-energy, robot, storage, budget, emissions, and rebound assumptions only; it does not establish a common feasible scenario with the separate regional, lifecycle, MRV, or field-productivity screens.",reference_extrapolation,Reference extrapolation,2040,14,70.0,1.7806116962021055,clean_energy,2967.686160336842,1.7806116962021055,1473942.748261635,4.91314249420545,14.905006394648865,11.11111111111111,cumulative_realized_removal_gtco2,0.00204,10.47740160336841,12.32642420007399,180.0,0.320510105316379,39.26,0.8012752632909474,-38.28066356708884,12.258013299570516
partially_coupled_screening,"Joint screen of this model's planned capacity, clean-energy, robot, storage, budget, emissions, and rebound assumptions only; it does not establish a common feasible scenario with the separate regional, lifecycle, MRV, or field-productivity screens.",reference_extrapolation,Reference extrapolation,2041,15,75.0,1.9639483979742316,clean_energy,3273.2473299570524,1.9639483979742316,1650815.8780530312,5.502719593510104,16.473232976787077,11.11111111111111,cumulative_realized_removal_gtco2,0.00204,12.258013299570516,12.552868402538573,180.0,0.3535107116353617,39.05,0.8837767790884042,-37.96982838111417,14.221961697544748
partially_coupled_screening,"Joint screen of this model's planned capacity, clean-energy, robot, storage, budget, emissions, and rebound assumptions only; it does not establish a common feasible scenario with the separate regional, lifecycle, MRV, or field-productivity screens.",reference_extrapolation,Reference extrapolation,2042,16,80.0,2.1582853018526857,clean_energy,3597.142169754476,2.1582853018526857,1848913.783419395,6.163045944731317,18.08924703851278,11.11111111111111,cumulative_realized_removal_gtco2,0.00204,14.221961697544748,12.767263703289215,180.0,0.3884913543334835,38.84,0.9712283858337086,-37.65294308398103,16.380246999397432
partially_coupled_screening,"Joint screen of this model's planned capacity, clean-energy, robot, storage, budget, emissions, and rebound assumptions only; it does not establish a common feasible scenario with the separate regional, lifecycle, MRV, or field-productivity screens.",reference_extrapolation,Reference extrapolation,2043,17,85.0,2.364282419963847,clean_energy,3940.4706999397445,2.364282419963847,2070783.4374297226,6.902611458099075,19.7513802917794,11.11111111111111,cumulative_realized_removal_gtco2,0.00204,16.380246999397432,12.971100339039724,180.0,0.42557083559349246,38.63,1.0639270889837311,-37.329644669019885,18.744529419361278
partially_coupled_screening,"Joint screen of this model's planned capacity, clean-energy, robot, storage, budget, emissions, and rebound assumptions only; it does not establish a common feasible scenario with the separate regional, lifecycle, MRV, or field-productivity screens.",reference_extrapolation,Reference extrapolation,2044,18,90.0,2.582639365161678,clean_energy,4304.39894193613,2.582639365161678,2319277.4499212895,7.730924833070965,21.458118898030172,11.11111111111111,cumulative_realized_removal_gtco2,0.00204,18.744529419361278,13.165612834633754,180.0,0.4648750857291021,38.42,1.1621877143227552,-36.99954834916108,21.327168784522957
partially_coupled_screening,"Joint screen of this model's planned capacity, clean-energy, robot, storage, budget, emissions, and rebound assumptions only; it does not establish a common feasible scenario with the separate regional, lifecycle, MRV, or field-productivity screens.",reference_extrapolation,Reference extrapolation,2045,19,95.0,2.8140977270713785,clean_energy,4690.162878452297,2.8140977270713785,2597590.7439118447,8.658635813039481,23.20808125569361,11.11111111111111,cumulative_realized_removal_gtco2,0.00204,21.327168784522957,13.351835685687812,180.0,0.5065375908728481,38.21,1.2663439771821203,-36.66224625011074,24.141266511594335
partially_coupled_screening,"Joint screen of this model's planned capacity, clean-energy, robot, storage, budget, emissions, and rebound assumptions only; it does not establish a common feasible scenario with the separate regional, lifecycle, MRV, or field-productivity screens.",reference_extrapolation,Reference extrapolation,2046,20,100.0,3.0594435906956616,clean_energy,5099.072651159436,3.0594435906956616,2909301.6331812665,9.697672110604222,25.0,11.11111111111111,cumulative_realized_removal_gtco2,0.00204,24.141266511594335,13.530644592843545,180.0,0.5506998463252192,38.0,1.3767496158130477,-36.31730602511738,27.200710102289996
partially_coupled_screening,"Joint screen of this model's planned capacity, clean-energy, robot, storage, budget, emissions, and rebound assumptions only; it does not establish a common feasible scenario with the separate regional, lifecycle, MRV, or field-productivity screens.",fast_learning_energy_constrained,"Fast learning, energy constrained",2026,0,0.0,0.0,startup,255.0,0.30600000000000005,135519.0,1.35519,0.0,10.0,cumulative_realized_removal_gtco2,0.00204,0.00204,0.0,400.0,0.0,42.2,0.0,-42.2,0.00204
partially_coupled_screening,"Joint screen of this model's planned capacity, clean-energy, robot, storage, budget, emissions, and rebound assumptions only; it does not establish a common feasible scenario with the separate regional, lifecycle, MRV, or field-productivity screens.",fast_learning_energy_constrained,"Fast learning, energy constrained",2027,1,5.0,0.6426000000000001,clean_energy,535.5,0.6426000000000001,295431.42,2.9543142,1.4186124135047637,10.0,cumulative_realized_removal_gtco2,0.00204,0.00204,0.0,400.0,0.25704000000000005,41.34,0.16065000000000002,-40.85805,0.6446400000000001
partially_coupled_screening,"Joint screen of this model's planned capacity, clean-energy, robot, storage, budget, emissions, and rebound assumptions only; it does not establish a common feasible scenario with the separate regional, lifecycle, MRV, or field-productivity screens.",fast_learning_energy_constrained,"Fast learning, energy constrained",2028,2,10.0,1.01286,clean_energy,844.0500000000001,1.01286,484128.0756,4.841280756,3.374047951142095,44.44444444444444,cumulative_realized_removal_gtco2,0.00204,0.6446400000000001,8.303780748177104,90.0,0.09115740000000001,40.480000000000004,0.253215,-39.720355,1.6575000000000002
partially_coupled_screening,"Joint screen of this model's planned capacity, clean-energy, robot, storage, budget, emissions, and rebound assumptions only; it does not establish a common feasible scenario with the separate regional, lifecycle, MRV, or field-productivity screens.",fast_learning_energy_constrained,"Fast learning, energy constrained",2029,3,15.0,1.4201460000000004,clean_energy,1183.4550000000002,1.4201460000000004,706790.1292079999,7.067901292079999,5.600996795596305,44.44444444444444,cumulative_realized_removal_gtco2,0.00204,1.6575000000000002,9.66622400280318,90.0,0.12781314000000002,39.620000000000005,0.3550365000000001,-38.5548905,3.0776460000000005
partially_coupled_screening,"Joint screen of this model's planned capacity, clean-energy, robot, storage, budget, emissions, and rebound assumptions only; it does not establish a common feasible scenario with the separate regional, lifecycle, MRV, or field-productivity screens.",fast_learning_energy_constrained,"Fast learning, energy constrained",2030,4,20.0,1.8681606000000006,clean_energy,1556.8005000000003,1.8681606000000006,969531.3524654399,9.695313524654399,8.024883659717064,44.44444444444444,cumulative_realized_removal_gtco2,0.00204,3.0776460000000005,10.559042430598213,90.0,0.16813445400000007,38.760000000000005,0.46704015000000015,-37.358879550000005,4.945806600000001
partially_coupled_screening,"Joint screen of this model's planned capacity, clean-energy, robot, storage, budget, emissions, and rebound assumptions only; it does not establish a common feasible scenario with the separate regional, lifecycle, MRV, or field-productivity screens.",fast_learning_energy_constrained,"Fast learning, energy constrained",2031,5,25.0,2.360976660000001,clean_energy,1967.4805500000004,2.360976660000001,1279565.9959092191,12.795659959092191,10.606601717798213,44.44444444444444,cumulative_realized_removal_gtco2,0.00204,4.945806600000001,11.24342095838885,90.0,0.2124878994000001,37.900000000000006,0.5902441650000002,-36.12926750500001,7.306783260000001
partially_coupled_screening,"Joint screen of this model's planned capacity, clean-energy, robot, storage, budget, emissions, and rebound assumptions only; it does not establish a common feasible scenario with the separate regional, lifecycle, MRV, or field-productivity screens.",fast_learning_energy_constrained,"Fast learning, energy constrained",2032,6,30.0,2.903074326000001,clean_energy,2419.2286050000007,2.903074326000001,1645406.8751728784,16.454068751728784,13.321490480861135,44.44444444444444,cumulative_realized_removal_gtco2,0.00204,7.306783260000001,11.806451545999545,90.0,0.2612766893400001,37.04,0.7257685815000002,-34.862694255499996,10.209857586000002
partially_coupled_screening,"Joint screen of this model's planned capacity, clean-energy, robot, storage, budget, emissions, and rebound assumptions only; it does not establish a common feasible scenario with the separate regional, lifecycle, MRV, or field-productivity screens.",fast_learning_energy_constrained,"Fast learning, energy constrained",2033,7,35.0,3.4993817586000016,clean_energy,2916.151465500001,3.4993817586000016,2077099.1127039965,20.770991127039967,16.15237191358263,44.44444444444444,cumulative_realized_removal_gtco2,0.00204,10.209857586000002,12.289105970022408,90.0,0.31494435827400014,36.18,0.8748454396500004,-33.55546368105,13.709239344600004
partially_coupled_screening,"Joint screen of this model's planned capacity, clean-energy, robot, storage, budget, emissions, and rebound assumptions only; it does not establish a common feasible scenario with the separate regional, lifecycle, MRV, or field-productivity screens.",fast_learning_energy_constrained,"Fast learning, energy constrained",2034,8,40.0,4.155319934460001,clean_energy,3462.766612050001,4.155319934460001,2450976.952990716,24.50976952990716,19.08649749040922,44.44444444444444,cumulative_realized_removal_gtco2,0.00204,13.709239344600004,12.71429175293975,90.0,0.3739787941014001,35.32,1.0388299836150003,-32.203510049155,17.864559279060003
partially_coupled_screening,"Joint screen of this model's planned capacity, clean-energy, robot, storage, budget, emissions, and rebound assumptions only; it does not establish a common feasible scenario with the separate regional, lifecycle, MRV, or field-productivity screens.",fast_learning_energy_constrained,"Fast learning, energy constrained",2035,9,45.0,4.876851927906002,clean_energy,4064.0432732550016,4.876851927906002,2892152.8045290443,28.921528045290444,22.11397898794344,44.44444444444444,cumulative_realized_removal_gtco2,0.00204,17.864559279060003,13.096243550245498,90.0,0.4389166735115402,34.46,1.2192129819765005,-30.8023610540705,22.741411206966006
partially_coupled_screening,"Joint screen of this model's planned capacity, clean-energy, robot, storage, budget, emissions, and rebound assumptions only; it does not establish a common feasible scenario with the separate regional, lifecycle, MRV, or field-productivity screens.",fast_learning_energy_constrained,"Fast learning, energy constrained",2036,10,50.0,5.670537120696603,clean_energy,4725.447600580503,5.670537120696603,3412740.309344272,34.12740309344272,25.226892457611434,44.44444444444444,cumulative_realized_removal_gtco2,0.00204,22.741411206966006,13.444465010084182,90.0,0.5103483408626943,33.6,1.4176342801741508,-29.34709715947755,28.41194832766261
partially_coupled_screening,"Joint screen of this model's planned capacity, clean-energy, robot, storage, budget, emissions, and rebound assumptions only; it does not establish a common feasible scenario with the separate regional, lifecycle, MRV, or field-productivity screens.",fast_learning_energy_constrained,"Fast learning, energy constrained",2037,11,55.00000000000001,6.543590832766264,clean_energy,5452.992360638553,6.543590832766264,4027033.565026241,40.27033565026241,28.418726488791116,44.44444444444444,cumulative_realized_removal_gtco2,0.00204,28.41194832766261,13.76564099398323,90.0,0.5889231749489637,32.74,1.635897708191566,-27.832306875425306,34.95553916042888
partially_coupled_screening,"Joint screen of this model's planned capacity, clean-energy, robot, storage, budget, emissions, and rebound assumptions only; it does not establish a common feasible scenario with the separate regional, lifecycle, MRV, or field-productivity screens.",fast_learning_energy_constrained,"Fast learning, energy constrained",2038,12,60.0,7.503949916042891,clean_energy,6253.291596702408,7.503949916042891,4751899.606730964,47.518996067309644,31.684022524562163,44.44444444444444,cumulative_realized_removal_gtco2,0.00204,34.95553916042888,14.064664314887114,90.0,0.6753554924438602,31.880000000000003,1.8759874790107227,-26.252037562967832,42.45948907647177
partially_coupled_screening,"Joint screen of this model's planned capacity, clean-energy, robot, storage, budget, emissions, and rebound assumptions only; it does not establish a common feasible scenario with the separate regional, lifecycle, MRV, or field-productivity screens.",fast_learning_energy_constrained,"Fast learning, energy constrained",2039,13,65.0,8.560344907647181,clean_energy,7133.62075637265,8.560344907647181,5607241.535942537,56.07241535942537,35.018129640462085,44.44444444444444,cumulative_realized_removal_gtco2,0.00204,42.45948907647177,14.345230238462308,90.0,0.7704310416882463,31.020000000000003,2.1400862269117953,-24.599741319264616,51.01983398411895
partially_coupled_screening,"Joint screen of this model's planned capacity, clean-energy, robot, storage, budget, emissions, and rebound assumptions only; it does not establish a common feasible scenario with the separate regional, lifecycle, MRV, or field-productivity screens.",fast_learning_energy_constrained,"Fast learning, energy constrained",2040,14,70.0,9.7223793984119,clean_energy,8101.982832009915,9.7223793984119,6616545.012412193,66.16545012412193,38.41703120760516,44.44444444444444,cumulative_realized_removal_gtco2,0.00204,51.01983398411895,14.61020143184622,90.0,0.8750141458570709,30.160000000000004,2.430594849602975,-22.86821545119108,60.74221338253085
partially_coupled_screening,"Joint screen of this model's planned capacity, clean-energy, robot, storage, budget, emissions, and rebound assumptions only; it does not establish a common feasible scenario with the separate regional, lifecycle, MRV, or field-productivity screens.",fast_learning_energy_constrained,"Fast learning, energy constrained",2041,15,75.0,11.00061733825309,clean_energy,9167.181115210908,11.00061733825309,7807523.114646387,78.07523114646388,41.87721865959448,44.44444444444444,cumulative_realized_removal_gtco2,0.00204,60.74221338253085,14.861842707109632,90.0,0.9900555604427781,29.3,2.7501543345632724,-21.049536996310184,71.74283072078394
partially_coupled_screening,"Joint screen of this model's planned capacity, clean-energy, robot, storage, budget, emissions, and rebound assumptions only; it does not establish a common feasible scenario with the separate regional, lifecycle, MRV, or field-productivity screens.",fast_learning_energy_constrained,"Fast learning, energy constrained",2042,16,80.0,12.4066790720784,clean_energy,10338.899226731999,12.4066790720784,9212877.275282737,92.12877275282737,45.39559723215244,44.44444444444444,cumulative_realized_removal_gtco2,0.00204,71.74283072078394,15.101977897463678,90.0,1.116601116487056,28.439999999999998,3.1016697680196,-19.134990695941198,84.14950979286235
partially_coupled_screening,"Joint screen of this model's planned capacity, clean-energy, robot, storage, budget, emissions, and rebound assumptions only; it does not establish a common feasible scenario with the separate regional, lifecycle, MRV, or field-productivity screens.",fast_learning_energy_constrained,"Fast learning, energy constrained",2043,17,85.0,13.953346979286241,clean_energy,11627.7891494052,13.953346979286241,10871195.184833629,108.71195184833628,48.96941405961358,44.44444444444444,cumulative_realized_removal_gtco2,0.00204,84.14950979286235,15.332098094612402,90.0,1.2558012281357618,27.58,3.4883367448215603,-17.114989765535316,98.10285677214858
partially_coupled_screening,"Joint screen of this model's planned capacity, clean-energy, robot, storage, budget, emissions, and rebound assumptions only; it does not establish a common feasible scenario with the separate regional, lifecycle, MRV, or field-productivity screens.",fast_learning_energy_constrained,"Fast learning, energy constrained",2044,18,90.0,15.654681677214867,clean_energy,13045.568064345722,15.654681677214867,12828010.318103682,128.28010318103682,52.59620230696603,44.44444444444444,cumulative_realized_removal_gtco2,0.00204,98.10285677214858,15.55343837593789,90.0,1.4089213509493381,26.72,3.913670419303717,-14.978988742088848,113.75753844936345
partially_coupled_screening,"Joint screen of this model's planned capacity, clean-energy, robot, storage, budget, emissions, and rebound assumptions only; it does not establish a common feasible scenario with the separate regional, lifecycle, MRV, or field-productivity screens.",fast_learning_energy_constrained,"Fast learning, energy constrained",2045,19,95.0,17.526149844936356,clean_energy,14605.124870780295,17.526149844936356,15137052.175362345,151.37052175362345,56.27373705938172,44.44444444444444,cumulative_realized_removal_gtco2,0.00204,113.75753844936345,15.76703347478787,90.0,1.577353486044272,25.86,4.381537461234089,-12.715387616297733,131.2836882942998
partially_coupled_screening,"Joint screen of this model's planned capacity, clean-energy, robot, storage, budget, emissions, and rebound assumptions only; it does not establish a common feasible scenario with the separate regional, lifecycle, MRV, or field-productivity screens.",fast_learning_energy_constrained,"Fast learning, energy constrained",2046,20,100.0,19.584764829429993,clean_energy,16320.637357858326,19.584764829429993,17861721.566927563,178.61721566927562,60.0,44.44444444444444,cumulative_realized_removal_gtco2,0.00204,131.2836882942998,15.973758997961994,90.0,1.7626288346486996,25.0,4.896191207357498,-10.311426377927505,150.86845312372978
partially_coupled_screening,"Joint screen of this model's planned capacity, clean-energy, robot, storage, budget, emissions, and rebound assumptions only; it does not establish a common feasible scenario with the separate regional, lifecycle, MRV, or field-productivity screens.",aether_portfolio_push,AETHER portfolio push,2026,0,0.0,0.0,startup,552.5,0.9773955773955773,189726.59999999998,3.7945319999999993,0.0,30.0,cumulative_realized_removal_gtco2,0.00204,0.00204,0.0,300.0,0.0,42.2,0.0,-42.2,0.00204
partially_coupled_screening,"Joint screen of this model's planned capacity, clean-energy, robot, storage, budget, emissions, and rebound assumptions only; it does not establish a common feasible scenario with the separate regional, lifecycle, MRV, or field-productivity screens.",aether_portfolio_push,AETHER portfolio push,2027,1,5.0,2.1014004914004913,clean_energy,1187.875,2.1014004914004913,426884.85,8.537697,4.519681211491608,30.0,cumulative_realized_removal_gtco2,0.00204,0.00204,0.0,300.0,0.6304201474201474,40.84,0.3152100737100737,-39.05380958230959,2.1034404914004914
partially_coupled_screening,"Joint screen of this model's planned capacity, clean-energy, robot, storage, budget, emissions, and rebound assumptions only; it does not establish a common feasible scenario with the separate regional, lifecycle, MRV, or field-productivity screens.",aether_portfolio_push,AETHER portfolio push,2028,2,10.0,3.394006142506142,clean_energy,1918.5562499999999,3.394006142506142,723332.6625,14.46665325,9.358134850404328,107.14285714285714,cumulative_realized_removal_gtco2,0.00204,2.1034404914004914,10.00996613575109,84.0,0.28509651597051594,39.480000000000004,0.5091009213759213,-36.59509477886978,5.497446633906634
partially_coupled_screening,"Joint screen of this model's planned capacity, clean-energy, robot, storage, budget, emissions, and rebound assumptions only; it does not establish a common feasible scenario with the separate regional, lifecycle, MRV, or field-productivity screens.",aether_portfolio_push,AETHER portfolio push,2029,3,15.0,4.880502641277641,clean_energy,2758.8396875,4.880502641277641,1093892.4281249999,21.8778485625,14.324686335019358,107.14285714285714,cumulative_realized_removal_gtco2,0.00204,5.497446633906634,11.39597682674848,84.0,0.40996222186732184,38.120000000000005,0.7320753961916461,-33.97157275491401,10.377949275184275
partially_coupled_screening,"Joint screen of this model's planned capacity, clean-energy, robot, storage, budget, emissions, and rebound assumptions only; it does not establish a common feasible scenario with the separate regional, lifecycle, MRV, or field-productivity screens.",aether_portfolio_push,AETHER portfolio push,2030,4,20.0,6.5899736148648635,clean_energy,3725.1656406249995,6.5899736148648635,1557092.1351562499,31.141842703124997,19.376297526402354,107.14285714285714,cumulative_realized_removal_gtco2,0.00204,10.377949275184275,12.312664616827337,84.0,0.5535577836486485,36.760000000000005,0.9884960422297295,-31.158522427364872,16.967922890049138
partially_coupled_screening,"Joint screen of this model's planned capacity, clean-energy, robot, storage, budget, emissions, and rebound assumptions only; it does not establish a common feasible scenario with the separate regional, lifecycle, MRV, or field-productivity screens.",aether_portfolio_push,AETHER portfolio push,2031,5,25.0,8.55586523449017,clean_energy,4836.4404867187495,8.55586523449017,2136091.7689453126,42.72183537890625,24.492116027841195,107.14285714285714,cumulative_realized_removal_gtco2,0.00204,16.967922890049138,13.021953197086939,84.0,0.7186926796971743,35.400000000000006,1.2833797851735256,-28.12751455068336,25.52378812453931
partially_coupled_screening,"Joint screen of this model's planned capacity, clean-energy, robot, storage, budget, emissions, and rebound assumptions only; it does not establish a common feasible scenario with the separate regional, lifecycle, MRV, or field-productivity screens.",aether_portfolio_push,AETHER portfolio push,2032,6,30.0,10.816640597059273,clean_energy,6114.406559726562,10.816640597059273,2859841.3111816407,57.19682622363281,29.659690615350872,107.14285714285714,cumulative_realized_removal_gtco2,0.00204,25.52378812453931,13.610985690582178,84.0,0.9085978101529789,34.040000000000006,1.622496089558891,-24.845855492499624,36.340428721598585
partially_coupled_screening,"Joint screen of this model's planned capacity, clean-energy, robot, storage, budget, emissions, and rebound assumptions only; it does not establish a common feasible scenario with the separate regional, lifecycle, MRV, or field-productivity screens.",aether_portfolio_push,AETHER portfolio push,2033,7,35.0,13.41653226401374,clean_energy,7584.067543685545,13.41653226401374,3764528.238977051,75.29056477954101,34.870706429640954,107.14285714285714,cumulative_realized_removal_gtco2,0.00204,36.340428721598585,14.120718667036865,84.0,1.1269887101771543,32.68000000000001,2.012479839602061,-21.27594757558833,49.756960985612324
partially_coupled_screening,"Joint screen of this model's planned capacity, clean-energy, robot, storage, budget, emissions, and rebound assumptions only; it does not establish a common feasible scenario with the separate regional, lifecycle, MRV, or field-productivity screens.",aether_portfolio_push,AETHER portfolio push,2034,8,40.0,16.406407681011377,clean_energy,9274.177675238376,16.406407681011377,4705660.2987213135,94.11320597442626,40.11920236599761,107.14285714285714,cumulative_realized_removal_gtco2,0.00204,49.756960985612324,14.574041599781081,84.0,1.3781382452049555,31.32,2.4609611521517065,-17.37455347114033,66.1633686666237
partially_coupled_screening,"Joint screen of this model's planned capacity, clean-energy, robot, storage, budget, emissions, and rebound assumptions only; it does not establish a common feasible scenario with the separate regional, lifecycle, MRV, or field-productivity screens.",aether_portfolio_push,AETHER portfolio push,2035,9,45.0,19.84476441055866,clean_energy,11217.804326524132,19.84476441055866,5882075.373401642,117.64150746803284,45.400688454522744,107.14285714285714,cumulative_realized_removal_gtco2,0.00204,66.1633686666237,14.985175917649494,84.0,1.6669602104869274,29.96,2.976714661583799,-13.091950251025139,86.00813307718235
partially_coupled_screening,"Joint screen of this model's planned capacity, clean-energy, robot, storage, budget, emissions, and rebound assumptions only; it does not establish a common feasible scenario with the separate regional, lifecycle, MRV, or field-productivity screens.",aether_portfolio_push,AETHER portfolio push,2036,10,50.0,23.798874649538035,clean_energy,13452.974975502751,23.798874649538035,7352594.216752052,147.05188433504105,50.71165726855439,107.14285714285714,cumulative_realized_removal_gtco2,0.00204,86.00813307718235,15.36361631734565,84.0,1.999105470561195,28.6,3.5698311974307053,-8.370956547892671,109.80700772672039
partially_coupled_screening,"Joint screen of this model's planned capacity, clean-energy, robot, storage, budget, emissions, and rebound assumptions only; it does not establish a common feasible scenario with the separate regional, lifecycle, MRV, or field-productivity screens.",aether_portfolio_push,AETHER portfolio push,2037,11,55.00000000000001,28.346101424364313,clean_energy,16023.421221828163,28.346101424364313,9190742.770940065,183.8148554188013,56.049290963350394,107.14285714285714,cumulative_realized_removal_gtco2,0.00204,109.80700772672039,15.716041450262363,84.0,2.3810725196466023,27.240000000000002,4.251915213654647,-3.1458137892903357,138.1531091510847
partially_coupled_screening,"Joint screen of this model's planned capacity, clean-energy, robot, storage, budget, emissions, and rebound assumptions only; it does not establish a common feasible scenario with the separate regional, lifecycle, MRV, or field-productivity screens.",aether_portfolio_push,AETHER portfolio push,2038,12,60.0,33.57541221541453,clean_energy,18979.434405102384,33.57541221541453,11488428.463675082,229.76856927350164,61.41127469212009,107.14285714285714,cumulative_realized_removal_gtco2,0.00204,138.1531091510847,16.04733935276813,84.0,2.8203346260948208,25.880000000000003,5.03631183231218,2.6591003831023485,171.72852136649922
partially_coupled_screening,"Joint screen of this model's planned capacity, clean-energy, robot, storage, budget, emissions, and rebound assumptions only; it does not establish a common feasible scenario with the separate regional, lifecycle, MRV, or field-productivity screens.",aether_portfolio_push,AETHER portfolio push,2039,13,65.0,39.58911962512229,clean_energy,22378.84956586774,39.58911962512229,14360535.579593852,287.21071159187704,66.79567201576363,107.14285714285714,cumulative_realized_removal_gtco2,0.00204,171.72852136649922,16.361200990099807,84.0,3.3254860485102724,24.52,5.938367943768343,9.130751681353944,211.31764099162152
partially_coupled_screening,"Joint screen of this model's planned capacity, clean-energy, robot, storage, budget, emissions, and rebound assumptions only; it does not establish a common feasible scenario with the separate regional, lifecycle, MRV, or field-productivity screens.",aether_portfolio_push,AETHER portfolio push,2040,14,70.0,46.504883146286204,clean_energy,26288.1770007479,46.504883146286204,17950669.474492315,359.0133894898463,72.20083847235455,107.14285714285714,cumulative_realized_removal_gtco2,0.00204,211.31764099162152,16.660484532053268,84.0,3.906410184288041,23.160000000000004,6.975732471942931,16.36915067434327,257.82252413790775
partially_coupled_screening,"Joint screen of this model's planned capacity, clean-energy, robot, storage, budget, emissions, and rebound assumptions only; it does not establish a common feasible scenario with the separate regional, lifecycle, MRV, or field-productivity screens.",aether_portfolio_push,AETHER portfolio push,2041,15,75.0,54.458011195624714,clean_energy,30783.903550860083,54.458011195624714,22438336.843115393,448.7667368623079,77.62535970184916,107.14285714285714,cumulative_realized_removal_gtco2,0.00204,257.82252413790775,16.947449629549258,84.0,4.574472940432476,21.8,8.168701679343707,24.489309516281004,312.28053533353244
partially_coupled_screening,"Joint screen of this model's planned capacity, clean-energy, robot, storage, budget, emissions, and rebound assumptions only; it does not establish a common feasible scenario with the separate regional, lifecycle, MRV, or field-productivity screens.",aether_portfolio_push,AETHER portfolio push,2042,16,80.0,63.60410845236399,clean_energy,35953.98908348909,63.60410845236399,28047921.053894244,560.9584210778849,83.06800596402266,107.14285714285714,cumulative_realized_removal_gtco2,0.00204,312.28053533353244,17.223913970199426,84.0,5.3427451099985745,20.439999999999998,9.540616267854597,33.623492184509395,375.8846437858964
partially_coupled_screening,"Joint screen of this model's planned capacity, clean-energy, robot, storage, budget, emissions, and rebound assumptions only; it does not establish a common feasible scenario with the separate regional, lifecycle, MRV, or field-productivity screens.",aether_portfolio_push,AETHER portfolio push,2043,17,85.0,74.12212029761416,clean_energy,41899.587446012454,74.12212029761416,35059901.31736781,701.1980263473562,88.52769794555597,107.14285714285714,cumulative_realized_removal_gtco2,0.00204,375.8846437858964,17.491361299641536,84.0,6.22625810499959,19.080000000000002,11.118318044642123,43.92380225297204,450.0067640835106
partially_coupled_screening,"Joint screen of this model's planned capacity, clean-energy, robot, storage, budget, emissions, and rebound assumptions only; it does not establish a common feasible scenario with the separate regional, lifecycle, MRV, or field-productivity screens.",aether_portfolio_push,AETHER portfolio push,2044,18,90.0,86.21783391965187,clean_energy,48737.02556291432,86.21783391965187,43824876.646709755,876.4975329341951,94.00348055043519,107.14285714285714,cumulative_realized_removal_gtco2,0.00204,450.0067640835106,17.751018009096565,84.0,7.242298049250757,17.72,12.93267508794778,55.56515883170409,536.2245980031624
partially_coupled_screening,"Joint screen of this model's planned capacity, clean-energy, robot, storage, budget, emissions, and rebound assumptions only; it does not establish a common feasible scenario with the separate regional, lifecycle, MRV, or field-productivity screens.",aether_portfolio_push,AETHER portfolio push,2045,19,95.0,95.0,planned_target,56600.07939735146,100.1279045849952,54781095.80838719,1095.6219161677438,99.4945024670411,107.14285714285714,cumulative_realized_removal_gtco2,0.00204,536.2245980031624,18.00390872321515,84.0,7.98,16.360000000000003,14.25,64.39,631.2245980031624
partially_coupled_screening,"Joint screen of this model's planned capacity, clean-energy, robot, storage, budget, emissions, and rebound assumptions only; it does not establish a common feasible scenario with the separate regional, lifecycle, MRV, or field-productivity screens.",aether_portfolio_push,AETHER portfolio push,2046,20,100.0,100.0,planned_target,65642.59130695417,116.12448585014005,68476369.76048398,1369.5273952096795,105.0,107.14285714285714,cumulative_realized_removal_gtco2,0.00204,631.2245980031624,18.239224748639767,84.0,8.4,15.0,15.0,70.0,731.2245980031624
partially_coupled_screening,"Joint screen of this model's planned capacity, clean-energy, robot, storage, budget, emissions, and rebound assumptions only; it does not establish a common feasible scenario with the separate regional, lifecycle, MRV, or field-productivity screens.",moonshot_low_energy,Moonshot low-energy,2026,0,0.0,0.0,startup,425.0,1.1333333333333333,189726.59999999998,7.589063999999999,0.0,24.0,cumulative_realized_removal_gtco2,0.00204,0.00204,0.0,250.0,0.0,42.2,0.0,-42.2,0.00204
partially_coupled_screening,"Joint screen of this model's planned capacity, clean-energy, robot, storage, budget, emissions, and rebound assumptions only; it does not establish a common feasible scenario with the separate regional, lifecycle, MRV, or field-productivity screens.",moonshot_low_energy,Moonshot low-energy,2027,1,5.0,2.470666666666667,clean_energy,926.5,2.470666666666667,436371.17999999993,17.454847199999996,6.969518097849255,24.0,cumulative_realized_removal_gtco2,0.00204,0.00204,0.0,250.0,0.6176666666666667,40.34,0.12353333333333334,-37.99286666666667,2.472706666666667
partially_coupled_screening,"Joint screen of this model's planned capacity, clean-energy, robot, storage, budget, emissions, and rebound assumptions only; it does not establish a common feasible scenario with the separate regional, lifecycle, MRV, or field-productivity screens.",moonshot_low_energy,Moonshot low-energy,2028,2,10.0,4.04872,clean_energy,1518.27,4.04872,757009.134,30.280365359999998,13.464221451623564,171.42857142857142,cumulative_realized_removal_gtco2,0.00204,2.472706666666667,10.243306237682228,35.0,0.14170520000000003,38.480000000000004,0.20243600000000003,-34.633716,6.521426666666667
partially_coupled_screening,"Joint screen of this model's planned capacity, clean-energy, robot, storage, budget, emissions, and rebound assumptions only; it does not establish a common feasible scenario with the separate regional, lifecycle, MRV, or field-productivity screens.",moonshot_low_energy,Moonshot low-energy,2029,3,15.0,5.910822933333333,clean_energy,2216.5586,5.910822933333333,1173838.4742,46.953538968000004,19.79100926677407,171.42857142857142,cumulative_realized_removal_gtco2,0.00204,6.521426666666667,11.642402744125894,35.0,0.20687880266666664,36.620000000000005,0.29554114666666664,-31.00471821333334,12.432249599999999
partially_coupled_screening,"Joint screen of this model's planned capacity, clean-energy, robot, storage, budget, emissions, and rebound assumptions only; it does not establish a common feasible scenario with the separate regional, lifecycle, MRV, or field-productivity screens.",moonshot_low_energy,Moonshot low-energy,2030,4,20.0,8.108104394666666,clean_energy,3040.539148,8.108104394666666,1715716.61646,68.6286646584,26.011161281624837,171.42857142857142,cumulative_realized_removal_gtco2,0.00204,12.432249599999999,12.573230601226012,35.0,0.2837836538133333,34.760000000000005,0.4054052197333333,-27.05730082506667,20.540353994666667
partially_coupled_screening,"Joint screen of this model's planned capacity, clean-energy, robot, storage, budget, emissions, and rebound assumptions only; it does not establish a common feasible scenario with the separate regional, lifecycle, MRV, or field-productivity screens.",moonshot_low_energy,Moonshot low-energy,2031,5,25.0,10.700896519039999,clean_energy,4012.8361946399996,10.700896519039999,2420158.201398,96.80632805592,32.153203876088796,171.42857142857142,cumulative_realized_removal_gtco2,0.00204,20.540353994666667,13.297604272784312,35.0,0.3745313781664,32.900000000000006,0.535044825952,-22.734148306912005,31.241250513706667
partially_coupled_screening,"Joint screen of this model's planned capacity, clean-energy, robot, storage, budget, emissions, and rebound assumptions only; it does not establish a common feasible scenario with the separate regional, lifecycle, MRV, or field-productivity screens.",moonshot_low_energy,Moonshot low-energy,2032,6,30.0,13.760391225800532,clean_energy,5160.146709675199,13.760391225800532,3335932.2618174003,133.43729047269602,38.23370967373068,171.42857142857142,cumulative_realized_removal_gtco2,0.00204,31.241250513706667,13.9025954296743,35.0,0.48161369290301864,31.040000000000003,0.6880195612900266,-17.967628335489497,45.0016417395072
partially_coupled_screening,"Joint screen of this model's planned capacity, clean-energy, robot, storage, budget, emissions, and rebound assumptions only; it does not establish a common feasible scenario with the separate regional, lifecycle, MRV, or field-productivity screens.",moonshot_low_energy,Moonshot low-energy,2033,7,35.0,17.37059497977796,clean_energy,6513.973117416735,17.37059497977796,4526438.540362621,181.05754161450483,44.263513935811375,171.42857142857142,cumulative_realized_removal_gtco2,0.00204,45.0016417395072,14.429120861822566,35.0,0.6079708242922286,29.180000000000003,0.868529748988898,-12.677934769210943,62.372236719285155
partially_coupled_screening,"Joint screen of this model's planned capacity, clean-energy, robot, storage, budget, emissions, and rebound assumptions only; it does not establish a common feasible scenario with the separate regional, lifecycle, MRV, or field-productivity screens.",moonshot_low_energy,Moonshot low-energy,2034,8,40.0,21.630635409471324,clean_energy,8111.488278551747,21.630635409471324,5884370.102471407,235.37480409885626,50.25025127888955,171.42857142857142,cumulative_realized_removal_gtco2,0.00204,62.372236719285155,14.90004722341875,35.0,0.7570722393314964,27.32,1.0815317704735663,-6.770896361002242,84.00287212875648
partially_coupled_screening,"Joint screen of this model's planned capacity, clean-energy, robot, storage, budget, emissions, and rebound assumptions only; it does not establish a common feasible scenario with the separate regional, lifecycle, MRV, or field-productivity screens.",moonshot_low_energy,Moonshot low-energy,2035,9,45.0,26.657483116509496,clean_energy,9996.55616869106,26.657483116509496,7649681.133212829,305.98724532851315,56.19958830703203,171.42857142857142,cumulative_realized_removal_gtco2,0.00204,84.00287212875648,15.329581883042604,35.0,0.9330119090778324,25.46,1.3328741558254749,-0.1353910393159794,110.66035524526598
partially_coupled_screening,"Joint screen of this model's planned capacity, clean-energy, robot, storage, budget, emissions, and rebound assumptions only; it does not establish a common feasible scenario with the separate regional, lifecycle, MRV, or field-productivity screens.",moonshot_low_energy,Moonshot low-energy,2036,10,50.0,32.589163410814535,clean_energy,12220.936279055451,32.589163410814535,9944585.473176679,397.78341892706715,62.11589543048265,171.42857142857142,cumulative_realized_removal_gtco2,0.00204,110.66035524526598,15.727209782524714,35.0,1.1406207193785087,23.6,1.629458170540727,7.359705240273807,143.2495186560805
partially_coupled_screening,"Joint screen of this model's planned capacity, clean-energy, robot, storage, budget, emissions, and rebound assumptions only; it does not establish a common feasible scenario with the separate regional, lifecycle, MRV, or field-productivity screens.",moonshot_low_energy,Moonshot low-energy,2037,11,55.00000000000001,39.58854615809448,clean_energy,14845.704809285431,39.58854615809448,12927961.115129681,517.1184446051873,68.00264435980593,171.42857142857142,cumulative_realized_removal_gtco2,0.00204,143.2495186560805,16.09960161351784,35.0,1.3855991155333067,21.74,1.9794273079047242,15.869118850189757,182.838064814175
partially_coupled_screening,"Joint screen of this model's planned capacity, clean-energy, robot, storage, budget, emissions, and rebound assumptions only; it does not establish a common feasible scenario with the separate regional, lifecycle, MRV, or field-productivity screens.",moonshot_low_energy,Moonshot low-energy,2038,12,60.0,47.847817799884815,clean_energy,17942.931674956806,47.847817799884815,16806349.449668586,672.2539779867434,73.86265832684354,171.42857142857142,cumulative_realized_removal_gtco2,0.00204,182.838064814175,16.451637776672182,35.0,1.6746736229959687,19.880000000000003,2.3923908899942408,25.575426909890574,230.6858826140598
partially_coupled_screening,"Joint screen of this model's planned capacity, clean-energy, robot, storage, budget, emissions, and rebound assumptions only; it does not establish a common feasible scenario with the separate regional, lifecycle, MRV, or field-productivity screens.",moonshot_low_energy,Moonshot low-energy,2039,13,65.0,57.59375833719742,clean_energy,21597.65937644903,57.59375833719742,21848254.284569163,873.9301713827665,79.6982774384494,171.42857142857142,cumulative_realized_removal_gtco2,0.00204,230.6858826140598,16.78700103971616,35.0,2.0157815418019096,18.02,2.8796879168598712,36.694070420337546,288.27964095125725
partially_coupled_screening,"Joint screen of this model's planned capacity, clean-energy, robot, storage, budget, emissions, and rebound assumptions only; it does not establish a common feasible scenario with the separate regional, lifecycle, MRV, or field-productivity screens.",moonshot_low_energy,Moonshot low-energy,2040,14,70.0,69.09396817122628,clean_energy,25910.238064209854,69.09396817122628,28402730.56993991,1136.1092227975964,85.51147231294277,171.42857142857142,cumulative_realized_removal_gtco2,0.00204,288.27964095125725,17.108540275840834,35.0,2.41828888599292,16.160000000000004,3.454698408561314,49.47926976266496,357.3736091224835
partially_coupled_screening,"Joint screen of this model's planned capacity, clean-energy, robot, storage, budget, emissions, and rebound assumptions only; it does not establish a common feasible scenario with the separate regional, lifecycle, MRV, or field-productivity screens.",moonshot_low_energy,Moonshot low-energy,2041,15,75.0,75.0,planned_target,30999.080915767627,82.66421577538034,36923549.740921885,1476.9419896368754,91.30392473828582,171.42857142857142,cumulative_realized_removal_gtco2,0.00204,357.3736091224835,17.418504422221282,35.0,2.625,14.3,3.75,56.95,432.3736091224835
partially_coupled_screening,"Joint screen of this model's planned capacity, clean-energy, robot, storage, budget, emissions, and rebound assumptions only; it does not establish a common feasible scenario with the separate regional, lifecycle, MRV, or field-productivity screens.",moonshot_low_energy,Moonshot low-energy,2042,16,80.0,80.0,planned_target,37003.9154806058,98.67710794828213,48000614.663198456,1920.0245865279383,97.0770864957632,171.42857142857142,cumulative_realized_removal_gtco2,0.00204,432.3736091224835,17.69334978992394,35.0,2.8,12.439999999999998,4.0,63.56,512.3736091224835
partially_coupled_screening,"Joint screen of this model's planned capacity, clean-energy, robot, storage, budget, emissions, and rebound assumptions only; it does not establish a common feasible scenario with the separate regional, lifecycle, MRV, or field-productivity screens.",moonshot_low_energy,Moonshot low-energy,2043,17,85.0,85.0,planned_target,44089.62026711484,117.57232071230625,62400799.062157996,2496.03196248632,102.83222326190612,171.42857142857142,cumulative_realized_removal_gtco2,0.00204,512.3736091224835,17.938267490798914,35.0,2.975,10.580000000000002,4.25,70.17,597.3736091224835
partially_coupled_screening,"Joint screen of this model's planned capacity, clean-energy, robot, storage, budget, emissions, and rebound assumptions only; it does not establish a common feasible scenario with the separate regional, lifecycle, MRV, or field-productivity screens.",moonshot_low_energy,Moonshot low-energy,2044,18,90.0,90.0,planned_target,52450.75191519551,139.86867177385471,81121038.7808054,3244.841551232216,108.57044803276438,171.42857142857142,cumulative_realized_removal_gtco2,0.00204,597.3736091224835,18.15970482565854,35.0,3.15,8.719999999999999,4.5,76.78,687.3736091224835
partially_coupled_screening,"Joint screen of this model's planned capacity, clean-energy, robot, storage, budget, emissions, and rebound assumptions only; it does not establish a common feasible scenario with the separate regional, lifecycle, MRV, or field-productivity screens.",moonshot_low_energy,Moonshot low-energy,2045,19,95.0,95.0,planned_target,62316.8872599307,166.17836602648185,105457350.41504702,4218.294016601881,114.29274701651946,171.42857142857142,cumulative_realized_removal_gtco2,0.00204,687.3736091224835,18.36216578448413,35.0,3.325,6.859999999999999,4.75,83.39,782.3736091224835
partially_coupled_screening,"Joint screen of this model's planned capacity, clean-energy, robot, storage, budget, emissions, and rebound assumptions only; it does not establish a common feasible scenario with the separate regional, lifecycle, MRV, or field-productivity screens.",moonshot_low_energy,Moonshot low-energy,2046,20,100.0,100.0,planned_target,73958.92696671822,197.22380524458194,137094555.53956112,5483.782221582445,120.0,171.42857142857142,cumulative_realized_removal_gtco2,0.00204,782.3736091224835,18.548929028636703,35.0,3.5,5.0,5.0,90.0,882.3736091224835
partially_coupled_screening,"Joint screen of this model's planned capacity, clean-energy, robot, storage, budget, emissions, and rebound assumptions only; it does not establish a common feasible scenario with the separate regional, lifecycle, MRV, or field-productivity screens.",rebound_failure,High-rebound failure,2026,0,0.0,0.0,startup,552.5,0.9773955773955773,189726.59999999998,3.7945319999999993,0.0,30.0,cumulative_realized_removal_gtco2,0.00204,0.00204,0.0,300.0,0.0,42.2,0.0,-42.2,0.00204
partially_coupled_screening,"Joint screen of this model's planned capacity, clean-energy, robot, storage, budget, emissions, and rebound assumptions only; it does not establish a common feasible scenario with the separate regional, lifecycle, MRV, or field-productivity screens.",rebound_failure,High-rebound failure,2027,1,5.0,2.1014004914004913,clean_energy,1187.875,2.1014004914004913,426884.85,8.537697,4.519681211491608,30.0,cumulative_realized_removal_gtco2,0.00204,0.00204,0.0,300.0,0.6304201474201474,41.59,1.3659103194103195,-40.85450982800983,2.1034404914004914
partially_coupled_screening,"Joint screen of this model's planned capacity, clean-energy, robot, storage, budget, emissions, and rebound assumptions only; it does not establish a common feasible scenario with the separate regional, lifecycle, MRV, or field-productivity screens.",rebound_failure,High-rebound failure,2028,2,10.0,3.394006142506142,clean_energy,1918.5562499999999,3.394006142506142,723332.6625,14.46665325,9.358134850404328,107.14285714285714,cumulative_realized_removal_gtco2,0.00204,2.1034404914004914,10.00996613575109,84.0,0.28509651597051594,40.980000000000004,2.2061039926289925,-39.79209785012285,5.497446633906634
partially_coupled_screening,"Joint screen of this model's planned capacity, clean-energy, robot, storage, budget, emissions, and rebound assumptions only; it does not establish a common feasible scenario with the separate regional, lifecycle, MRV, or field-productivity screens.",rebound_failure,High-rebound failure,2029,3,15.0,4.880502641277641,clean_energy,2758.8396875,4.880502641277641,1093892.4281249999,21.8778485625,14.324686335019358,107.14285714285714,cumulative_realized_removal_gtco2,0.00204,5.497446633906634,11.39597682674848,84.0,0.40996222186732184,40.370000000000005,3.1723267168304665,-38.66182407555283,10.377949275184275
partially_coupled_screening,"Joint screen of this model's planned capacity, clean-energy, robot, storage, budget, emissions, and rebound assumptions only; it does not establish a common feasible scenario with the separate regional, lifecycle, MRV, or field-productivity screens.",rebound_failure,High-rebound failure,2030,4,20.0,6.5899736148648635,clean_energy,3725.1656406249995,6.5899736148648635,1557092.1351562499,31.141842703124997,19.376297526402354,107.14285714285714,cumulative_realized_removal_gtco2,0.00204,10.377949275184275,12.312664616827337,84.0,0.5535577836486485,39.760000000000005,4.283482849662161,-37.45350923479731,16.967922890049138
partially_coupled_screening,"Joint screen of this model's planned capacity, clean-energy, robot, storage, budget, emissions, and rebound assumptions only; it does not establish a common feasible scenario with the separate regional, lifecycle, MRV, or field-productivity screens.",rebound_failure,High-rebound failure,2031,5,25.0,8.55586523449017,clean_energy,4836.4404867187495,8.55586523449017,2136091.7689453126,42.72183537890625,24.492116027841195,107.14285714285714,cumulative_realized_removal_gtco2,0.00204,16.967922890049138,13.021953197086939,84.0,0.7186926796971743,39.150000000000006,5.5613124024186105,-36.15544716792844,25.52378812453931
partially_coupled_screening,"Joint screen of this model's planned capacity, clean-energy, robot, storage, budget, emissions, and rebound assumptions only; it does not establish a common feasible scenario with the separate regional, lifecycle, MRV, or field-productivity screens.",rebound_failure,High-rebound failure,2032,6,30.0,10.816640597059273,clean_energy,6114.406559726562,10.816640597059273,2859841.3111816407,57.19682622363281,29.659690615350872,107.14285714285714,cumulative_realized_removal_gtco2,0.00204,25.52378812453931,13.610985690582178,84.0,0.9085978101529789,38.54,7.030816388088527,-34.754175791029255,36.340428721598585
partially_coupled_screening,"Joint screen of this model's planned capacity, clean-energy, robot, storage, budget, emissions, and rebound assumptions only; it does not establish a common feasible scenario with the separate regional, lifecycle, MRV, or field-productivity screens.",rebound_failure,High-rebound failure,2033,7,35.0,13.41653226401374,clean_energy,7584.067543685545,13.41653226401374,3764528.238977051,75.29056477954101,34.870706429640954,107.14285714285714,cumulative_realized_removal_gtco2,0.00204,36.340428721598585,14.120718667036865,84.0,1.1269887101771543,37.93,8.720745971608931,-33.23421370759519,49.756960985612324
partially_coupled_screening,"Joint screen of this model's planned capacity, clean-energy, robot, storage, budget, emissions, and rebound assumptions only; it does not establish a common feasible scenario with the separate regional, lifecycle, MRV, or field-productivity screens.",rebound_failure,High-rebound failure,2034,8,40.0,16.406407681011377,clean_energy,9274.177675238376,16.406407681011377,4705660.2987213135,94.11320597442626,40.11920236599761,107.14285714285714,cumulative_realized_removal_gtco2,0.00204,49.756960985612324,14.574041599781081,84.0,1.3781382452049555,37.32,10.664164992657396,-31.577757311646018,66.1633686666237
partially_coupled_screening,"Joint screen of this model's planned capacity, clean-energy, robot, storage, budget, emissions, and rebound assumptions only; it does not establish a common feasible scenario with the separate regional, lifecycle, MRV, or field-productivity screens.",rebound_failure,High-rebound failure,2035,9,45.0,19.84476441055866,clean_energy,11217.804326524132,19.84476441055866,5882075.373401642,117.64150746803284,45.400688454522744,107.14285714285714,cumulative_realized_removal_gtco2,0.00204,66.1633686666237,14.985175917649494,84.0,1.6669602104869274,36.71,12.899096866863129,-29.76433245630447,86.00813307718235
partially_coupled_screening,"Joint screen of this model's planned capacity, clean-energy, robot, storage, budget, emissions, and rebound assumptions only; it does not establish a common feasible scenario with the separate regional, lifecycle, MRV, or field-productivity screens.",rebound_failure,High-rebound failure,2036,10,50.0,23.798874649538035,clean_energy,13452.974975502751,23.798874649538035,7352594.216752052,147.05188433504105,50.71165726855439,107.14285714285714,cumulative_realized_removal_gtco2,0.00204,86.00813307718235,15.36361631734565,84.0,1.999105470561195,36.1,15.469268522199723,-27.77039387266169,109.80700772672039
partially_coupled_screening,"Joint screen of this model's planned capacity, clean-energy, robot, storage, budget, emissions, and rebound assumptions only; it does not establish a common feasible scenario with the separate regional, lifecycle, MRV, or field-productivity screens.",rebound_failure,High-rebound failure,2037,11,55.00000000000001,28.346101424364313,clean_energy,16023.421221828163,28.346101424364313,9190742.770940065,183.8148554188013,56.049290963350394,107.14285714285714,cumulative_realized_removal_gtco2,0.00204,109.80700772672039,15.716041450262363,84.0,2.3810725196466023,35.49,18.424965925836805,-25.568864501472493,138.1531091510847
partially_coupled_screening,"Joint screen of this model's planned capacity, clean-energy, robot, storage, budget, emissions, and rebound assumptions only; it does not establish a common feasible scenario with the separate regional, lifecycle, MRV, or field-productivity screens.",rebound_failure,High-rebound failure,2038,12,60.0,33.57541221541453,clean_energy,18979.434405102384,33.57541221541453,11488428.463675082,229.76856927350164,61.41127469212009,107.14285714285714,cumulative_realized_removal_gtco2,0.00204,138.1531091510847,16.04733935276813,84.0,2.8203346260948208,34.88,21.824017940019445,-23.128605724604917,171.72852136649922
partially_coupled_screening,"Joint screen of this model's planned capacity, clean-energy, robot, storage, budget, emissions, and rebound assumptions only; it does not establish a common feasible scenario with the separate regional, lifecycle, MRV, or field-productivity screens.",rebound_failure,High-rebound failure,2039,13,65.0,39.58911962512229,clean_energy,22378.84956586774,39.58911962512229,14360535.579593852,287.21071159187704,66.79567201576363,107.14285714285714,cumulative_realized_removal_gtco2,0.00204,171.72852136649922,16.361200990099807,84.0,3.3254860485102724,34.27,25.732927756329488,-20.413808131207205,211.31764099162152
partially_coupled_screening,"Joint screen of this model's planned capacity, clean-energy, robot, storage, budget, emissions, and rebound assumptions only; it does not establish a common feasible scenario with the separate regional, lifecycle, MRV, or field-productivity screens.",rebound_failure,High-rebound failure,2040,14,70.0,46.504883146286204,clean_energy,26288.1770007479,46.504883146286204,17950669.474492315,359.0133894898463,72.20083847235455,107.14285714285714,cumulative_realized_removal_gtco2,0.00204,211.31764099162152,16.660484532053268,84.0,3.906410184288041,33.660000000000004,30.228174045086032,-17.38329089879983,257.82252413790775
partially_coupled_screening,"Joint screen of this model's planned capacity, clean-energy, robot, storage, budget, emissions, and rebound assumptions only; it does not establish a common feasible scenario with the separate regional, lifecycle, MRV, or field-productivity screens.",rebound_failure,High-rebound failure,2041,15,75.0,54.458011195624714,clean_energy,30783.903550860083,54.458011195624714,22438336.843115393,448.7667368623079,77.62535970184916,107.14285714285714,cumulative_realized_removal_gtco2,0.00204,257.82252413790775,16.947449629549258,84.0,4.574472940432476,33.05,35.397707277156066,-13.98969608153135,312.28053533353244
partially_coupled_screening,"Joint screen of this model's planned capacity, clean-energy, robot, storage, budget, emissions, and rebound assumptions only; it does not establish a common feasible scenario with the separate regional, lifecycle, MRV, or field-productivity screens.",rebound_failure,High-rebound failure,2042,16,80.0,63.60410845236399,clean_energy,35953.98908348909,63.60410845236399,28047921.053894244,560.9584210778849,83.06800596402266,107.14285714285714,cumulative_realized_removal_gtco2,0.00204,312.28053533353244,17.223913970199426,84.0,5.3427451099985745,32.44,41.3426704940366,-10.178562041672606,375.8846437858964
partially_coupled_screening,"Joint screen of this model's planned capacity, clean-energy, robot, storage, budget, emissions, and rebound assumptions only; it does not establish a common feasible scenario with the separate regional, lifecycle, MRV, or field-productivity screens.",rebound_failure,High-rebound failure,2043,17,85.0,74.12212029761416,clean_energy,41899.587446012454,74.12212029761416,35059901.31736781,701.1980263473562,88.52769794555597,107.14285714285714,cumulative_realized_removal_gtco2,0.00204,375.8846437858964,17.491361299641536,84.0,6.22625810499959,31.83,48.1793781934492,-5.887257895835042,450.0067640835106
partially_coupled_screening,"Joint screen of this model's planned capacity, clean-energy, robot, storage, budget, emissions, and rebound assumptions only; it does not establish a common feasible scenario with the separate regional, lifecycle, MRV, or field-productivity screens.",rebound_failure,High-rebound failure,2044,18,90.0,86.21783391965187,clean_energy,48737.02556291432,86.21783391965187,43824876.646709755,876.4975329341951,94.00348055043519,107.14285714285714,cumulative_realized_removal_gtco2,0.00204,450.0067640835106,17.751018009096565,84.0,7.242298049250757,31.22,56.04159204777371,-1.0437581281218442,536.2245980031624
partially_coupled_screening,"Joint screen of this model's planned capacity, clean-energy, robot, storage, budget, emissions, and rebound assumptions only; it does not establish a common feasible scenario with the separate regional, lifecycle, MRV, or field-productivity screens.",rebound_failure,High-rebound failure,2045,19,95.0,95.0,planned_target,56600.07939735146,100.1279045849952,54781095.80838719,1095.6219161677438,99.4945024670411,107.14285714285714,cumulative_realized_removal_gtco2,0.00204,536.2245980031624,18.00390872321515,84.0,7.98,30.61,61.75,2.6400000000000006,631.2245980031624
partially_coupled_screening,"Joint screen of this model's planned capacity, clean-energy, robot, storage, budget, emissions, and rebound assumptions only; it does not establish a common feasible scenario with the separate regional, lifecycle, MRV, or field-productivity screens.",rebound_failure,High-rebound failure,2046,20,100.0,100.0,planned_target,65642.59130695417,116.12448585014005,68476369.76048398,1369.5273952096795,105.0,107.14285714285714,cumulative_realized_removal_gtco2,0.00204,631.2245980031624,18.239224748639767,84.0,8.4,30.0,65.0,5.0,731.2245980031624
