power_case,power_emissions_kgco2_mwh,pathway,display_name,gross_gtco2_y,capture_energy_gj_tco2,storage_energy_penalty_gj_tco2,total_energy_gj_tco2,operational_power_emissions_tco2e_tco2,non_power_lifecycle_tco2e_tco2,total_lifecycle_emissions_tco2e_tco2,annual_lifecycle_emissions_gtco2e_y,net_removal_before_retention_gtco2_y,retained_fraction_after_100y,durable_after_lca_100y_gtco2_y,mrv_credit_multiplier_after_buffers,creditable_after_lca_and_mrv_gtco2_y,source_keys,evidence_class
near_zero_clean_power,5.000,daccs_geologic,DACCS with geologic storage,40.000000,3.000000,0.350000,3.350000,0.004653,0.068000,0.072653,2.906111,37.093889,0.999000,37.056813,0.922270,34.176387,wri_scaling_dac_impacts_2024;worldsteel_figures_2025;usgs_mcs_2025_cement;epa_subpart_rr_mrv_2026,scenario_lca_placeholder
near_zero_clean_power,5.000,enhanced_weathering,Enhanced weathering and surficial mineralization,20.000000,1.200000,0.250000,1.450000,0.002014,0.132000,0.134014,2.680278,17.319722,1.000000,17.319722,0.670350,11.610276,ipcc_ar6_wg3_technical_summary_cdr;iea_critical_minerals_outlook_2025,scenario_lca_placeholder
near_zero_clean_power,5.000,ocean_alkalinity_enhancement,Ocean alkalinity enhancement,15.000000,1.800000,0.350000,2.150000,0.002986,0.133000,0.135986,2.039792,12.960208,0.951218,12.327977,0.585220,7.214579,national_academies_ocean_cdr_2022;ipcc_ar6_wg3_technical_summary_cdr,scenario_lca_placeholder
near_zero_clean_power,5.000,beccs,BECCS,10.000000,0.500000,0.150000,0.650000,0.000903,0.184000,0.184903,1.849028,8.150972,0.999000,8.142825,0.849070,6.913829,ipcc_ar6_wg3_technical_summary_cdr;epa_subpart_rr_mrv_2026,scenario_lca_placeholder
near_zero_clean_power,5.000,biochar,Biochar,6.000000,0.500000,0.100000,0.600000,0.000833,0.102000,0.102833,0.617000,5.383000,0.818567,4.406345,0.609410,2.685271,state_of_cdr_2026;eu_crcf_2024;oxford_offsetting_principles_2024,scenario_lca_placeholder
near_zero_clean_power,5.000,afforestation_reforestation,Afforestation and reforestation,5.000000,0.100000,0.050000,0.150000,0.000208,0.051000,0.051208,0.256042,4.743958,0.547821,2.598839,0.375700,0.976384,ipcc_ar6_wg3_technical_summary_cdr;state_of_cdr_2026,scenario_lca_placeholder
near_zero_clean_power,5.000,direct_ocean_capture,Direct ocean capture and electrochemical mCDR,4.000000,6.000000,0.750000,6.750000,0.009375,0.154000,0.163375,0.653500,3.346500,0.999000,3.343155,0.823080,2.751684,national_academies_ocean_cdr_2022;wri_scaling_dac_impacts_2024,scenario_lca_placeholder
low_carbon_mixed_power,25.000,daccs_geologic,DACCS with geologic storage,40.000000,3.000000,0.350000,3.350000,0.023264,0.068000,0.091264,3.650556,36.349444,0.999000,36.313113,0.922270,33.490495,wri_scaling_dac_impacts_2024;worldsteel_figures_2025;usgs_mcs_2025_cement;epa_subpart_rr_mrv_2026,scenario_lca_placeholder
low_carbon_mixed_power,25.000,enhanced_weathering,Enhanced weathering and surficial mineralization,20.000000,1.200000,0.250000,1.450000,0.010069,0.132000,0.142069,2.841389,17.158611,1.000000,17.158611,0.670350,11.502275,ipcc_ar6_wg3_technical_summary_cdr;iea_critical_minerals_outlook_2025,scenario_lca_placeholder
low_carbon_mixed_power,25.000,ocean_alkalinity_enhancement,Ocean alkalinity enhancement,15.000000,1.800000,0.350000,2.150000,0.014931,0.133000,0.147931,2.218958,12.781042,0.951218,12.157551,0.585220,7.114842,national_academies_ocean_cdr_2022;ipcc_ar6_wg3_technical_summary_cdr,scenario_lca_placeholder
low_carbon_mixed_power,25.000,beccs,BECCS,10.000000,0.500000,0.150000,0.650000,0.004514,0.184000,0.188514,1.885139,8.114861,0.999000,8.106750,0.849070,6.883198,ipcc_ar6_wg3_technical_summary_cdr;epa_subpart_rr_mrv_2026,scenario_lca_placeholder
low_carbon_mixed_power,25.000,biochar,Biochar,6.000000,0.500000,0.100000,0.600000,0.004167,0.102000,0.106167,0.637000,5.363000,0.818567,4.389974,0.609410,2.675294,state_of_cdr_2026;eu_crcf_2024;oxford_offsetting_principles_2024,scenario_lca_placeholder
low_carbon_mixed_power,25.000,afforestation_reforestation,Afforestation and reforestation,5.000000,0.100000,0.050000,0.150000,0.001042,0.051000,0.052042,0.260208,4.739792,0.547821,2.596556,0.375700,0.975526,ipcc_ar6_wg3_technical_summary_cdr;state_of_cdr_2026,scenario_lca_placeholder
low_carbon_mixed_power,25.000,direct_ocean_capture,Direct ocean capture and electrochemical mCDR,4.000000,6.000000,0.750000,6.750000,0.046875,0.154000,0.200875,0.803500,3.196500,0.999000,3.193305,0.823080,2.628346,national_academies_ocean_cdr_2022;wri_scaling_dac_impacts_2024,scenario_lca_placeholder
grid_leakage_case,100.000,daccs_geologic,DACCS with geologic storage,40.000000,3.000000,0.350000,3.350000,0.093056,0.068000,0.161056,6.442222,33.557778,0.999000,33.524237,0.922270,30.918398,wri_scaling_dac_impacts_2024;worldsteel_figures_2025;usgs_mcs_2025_cement;epa_subpart_rr_mrv_2026,scenario_lca_placeholder
grid_leakage_case,100.000,enhanced_weathering,Enhanced weathering and surficial mineralization,20.000000,1.200000,0.250000,1.450000,0.040278,0.132000,0.172278,3.445556,16.554444,1.000000,16.554444,0.670350,11.097272,ipcc_ar6_wg3_technical_summary_cdr;iea_critical_minerals_outlook_2025,scenario_lca_placeholder
grid_leakage_case,100.000,ocean_alkalinity_enhancement,Ocean alkalinity enhancement,15.000000,1.800000,0.350000,2.150000,0.059722,0.133000,0.192722,2.890833,12.109167,0.951218,11.518452,0.585220,6.740828,national_academies_ocean_cdr_2022;ipcc_ar6_wg3_technical_summary_cdr,scenario_lca_placeholder
grid_leakage_case,100.000,beccs,BECCS,10.000000,0.500000,0.150000,0.650000,0.018056,0.184000,0.202056,2.020556,7.979444,0.999000,7.971469,0.849070,6.768335,ipcc_ar6_wg3_technical_summary_cdr;epa_subpart_rr_mrv_2026,scenario_lca_placeholder
grid_leakage_case,100.000,biochar,Biochar,6.000000,0.500000,0.100000,0.600000,0.016667,0.102000,0.118667,0.712000,5.288000,0.818567,4.328581,0.609410,2.637881,state_of_cdr_2026;eu_crcf_2024;oxford_offsetting_principles_2024,scenario_lca_placeholder
grid_leakage_case,100.000,afforestation_reforestation,Afforestation and reforestation,5.000000,0.100000,0.050000,0.150000,0.004167,0.051000,0.055167,0.275833,4.724167,0.547821,2.587996,0.375700,0.972310,ipcc_ar6_wg3_technical_summary_cdr;state_of_cdr_2026,scenario_lca_placeholder
grid_leakage_case,100.000,direct_ocean_capture,Direct ocean capture and electrochemical mCDR,4.000000,6.000000,0.750000,6.750000,0.187500,0.154000,0.341500,1.366000,2.634000,0.999000,2.631367,0.823080,2.165826,national_academies_ocean_cdr_2022;wri_scaling_dac_impacts_2024,scenario_lca_placeholder
fossil_contaminated_case,250.000,daccs_geologic,DACCS with geologic storage,40.000000,3.000000,0.350000,3.350000,0.232639,0.068000,0.300639,12.025556,27.974444,0.999000,27.946484,0.922270,25.774204,wri_scaling_dac_impacts_2024;worldsteel_figures_2025;usgs_mcs_2025_cement;epa_subpart_rr_mrv_2026,scenario_lca_placeholder
fossil_contaminated_case,250.000,enhanced_weathering,Enhanced weathering and surficial mineralization,20.000000,1.200000,0.250000,1.450000,0.100694,0.132000,0.232694,4.653889,15.346111,1.000000,15.346111,0.670350,10.287266,ipcc_ar6_wg3_technical_summary_cdr;iea_critical_minerals_outlook_2025,scenario_lca_placeholder
fossil_contaminated_case,250.000,ocean_alkalinity_enhancement,Ocean alkalinity enhancement,15.000000,1.800000,0.350000,2.150000,0.149306,0.133000,0.282306,4.234583,10.765417,0.951218,10.240253,0.585220,5.992801,national_academies_ocean_cdr_2022;ipcc_ar6_wg3_technical_summary_cdr,scenario_lca_placeholder
fossil_contaminated_case,250.000,beccs,BECCS,10.000000,0.500000,0.150000,0.650000,0.045139,0.184000,0.229139,2.291389,7.708611,0.999000,7.700906,0.849070,6.538609,ipcc_ar6_wg3_technical_summary_cdr;epa_subpart_rr_mrv_2026,scenario_lca_placeholder
fossil_contaminated_case,250.000,biochar,Biochar,6.000000,0.500000,0.100000,0.600000,0.041667,0.102000,0.143667,0.862000,5.138000,0.818567,4.205796,0.609410,2.563054,state_of_cdr_2026;eu_crcf_2024;oxford_offsetting_principles_2024,scenario_lca_placeholder
fossil_contaminated_case,250.000,afforestation_reforestation,Afforestation and reforestation,5.000000,0.100000,0.050000,0.150000,0.010417,0.051000,0.061417,0.307083,4.692917,0.547821,2.570877,0.375700,0.965878,ipcc_ar6_wg3_technical_summary_cdr;state_of_cdr_2026,scenario_lca_placeholder
fossil_contaminated_case,250.000,direct_ocean_capture,Direct ocean capture and electrochemical mCDR,4.000000,6.000000,0.750000,6.750000,0.468750,0.154000,0.622750,2.491000,1.509000,0.999000,1.507492,0.823080,1.240786,national_academies_ocean_cdr_2022;wri_scaling_dac_impacts_2024,scenario_lca_placeholder
