"scenario","display_name","year","years_from_2026","planned_capacity_gtco2_y","actual_gross_removal_gtco2_y","durable_credit_gtco2_y","binding_constraint","clean_generation_available_twh_y","energy_limited_capacity_gtco2_y","robots_in_service_for_aether","robot_limited_capacity_gtco2_y","storage_limited_capacity_gtco2_y","budget_limited_capacity_gtco2_y","learned_cost_usd_tco2","annual_cost_trillion_usd","energy_twh_y","average_power_tw","residual_emissions_gtco2_y","rebound_or_delayed_abatement_gtco2_y","net_after_emissions_rebound_gtco2_y","cumulative_gross_removal_gtco2","cumulative_durable_credit_gtco2","cumulative_net_after_emissions_rebound_gtco2","cumulative_energy_twh","cumulative_cost_trillion_usd","scenario_interpretation"
"linear_reference_2046","Linear 2046 reference","2026","0","0","0","0","startup","467.5","0.561","189726.6","3.794532","0","30","300","0","0","0","42.2","0","-42.2","0","0","-42.2","0","0","A straight 20-year ramp with strong but not magical energy, storage, robotics, and budget assumptions."
"linear_reference_2046","Linear 2046 reference","2027","1","5","1.20615","1.02402135","clean_energy","1005.125","1.20615","426884.85","8.537697","4.51968121149161","107.142857142857","84","0.1013166","1005.125","0.114740296803653","40.84","0.1809225","-39.99690115","1.20615","1.02402135","-82.19690115","1005.125","0.1013166","A straight 20-year ramp with strong but not magical energy, storage, robotics, and budget assumptions."
"linear_reference_2046","Linear 2046 reference","2028","2","10","1.9480725","1.6539135525","clean_energy","1623.39375","1.9480725","723332.6625","14.46665325","9.35813485040433","107.142857142857","84","0.16363809","1623.39375","0.185318921232877","39.48","0.292210875","-38.1182973225","3.1542225","2.6779349025","-120.3151984725","2628.51875","0.26495469","A straight 20-year ramp with strong but not magical energy, storage, robotics, and budget assumptions."
"linear_reference_2046","Linear 2046 reference","2029","3","15","2.801283375","2.378289585375","clean_energy","2334.4028125","2.801283375","1093892.428125","21.8778485625","14.3246863350194","107.142857142857","84","0.2353078035","2334.4028125","0.266484339326484","38.12","0.42019250625","-36.161902920875","5.955505875","5.056224487875","-156.477101393375","4962.9215625","0.5002624935","A straight 20-year ramp with strong but not magical energy, storage, robotics, and budget assumptions."
"linear_reference_2046","Linear 2046 reference","2030","4","20","3.78247588125","3.21132202318125","clean_energy","3152.063234375","3.78247588125","1557092.13515625","31.141842703125","19.3762975264024","107.142857142857","84","0.317727974025","3152.063234375","0.359824570134132","36.76","0.5673713821875","-34.1160493590063","9.73798175625","8.26754651105625","-190.593150752381","8114.984796875","0.817990467525","A straight 20-year ramp with strong but not magical energy, storage, robotics, and budget assumptions."
"linear_reference_2046","Linear 2046 reference","2031","5","25","4.9108472634375","4.16930932665844","clean_energy","4092.37271953125","4.9108472634375","2136091.76894531","42.7218353789062","24.4921160278412","107.142857142857","84","0.41251117012875","4092.37271953125","0.467165835562928","35.4","0.736627089515625","-31.9673177628572","14.6488290196875","12.4368558377147","-222.560468515238","12207.3575164062","1.23050163765375","A straight 20-year ramp with strong but not magical energy, storage, robotics, and budget assumptions."
"linear_reference_2046","Linear 2046 reference","2032","6","30","6.20847435295312","5.2709947256572","clean_energy","5173.72862746094","6.20847435295312","2859841.31118164","57.1968262236328","29.6596906153509","107.142857142857","84","0.521511845648062","5173.72862746094","0.590608290806043","34.04","0.931271152942968","-29.7002764272858","20.8573033726406","17.7078505633719","-252.260744942524","17381.0861438672","1.75201348330181","A straight 20-year ramp with strong but not magical energy, storage, robotics, and budget assumptions."
"linear_reference_2046","Linear 2046 reference","2033","7","35","7.70074550589609","6.53793293450578","clean_energy","6417.28792158008","7.70074550589609","3764528.23897705","75.290564779541","34.870706429641","107.142857142857","84","0.646862622495272","6417.28792158008","0.732567114335625","32.68","1.15511182588441","-27.2971788913786","28.5580488785367","24.2457834978777","-279.557923833903","23798.3740654473","2.39887610579708","A straight 20-year ramp with strong but not magical energy, storage, robotics, and budget assumptions."
"linear_reference_2046","Linear 2046 reference","2034","8","40","9.41685733178051","7.99491187468165","clean_energy","7847.38110981709","9.41685733178051","4705660.29872131","94.1132059744263","40.1192023659976","107.142857142857","84","0.791016015869562","7847.38110981709","0.895819761394645","31.32","1.41252859976708","-24.7376167250854","37.9749062103172","32.2406953725593","-304.295540558988","31645.7551752644","3.18989212166665","A straight 20-year ramp with strong but not magical energy, storage, robotics, and budget assumptions."
"linear_reference_2046","Linear 2046 reference","2035","9","45","11.3903859315476","9.6704376558839","clean_energy","9491.98827628965","11.3903859315476","5882075.37340164","117.641507468033","45.4006884545227","107.142857142857","84","0.956792418249997","9491.98827628965","1.08356030551252","29.96","1.70855788973214","-21.9981202338482","49.3652921418648","41.9111330284432","-326.293660792837","41137.743451554","4.14668453991664","A straight 20-year ramp with strong but not magical energy, storage, robotics, and budget assumptions."
"linear_reference_2046","Linear 2046 reference","2036","10","50","13.6599438212797","11.5972923042665","clean_energy","11383.2865177331","13.6599438212797","7352594.21675205","147.051884335041","50.7116572685544","107.142857142857","84","1.1474352809875","11383.2865177331","1.29946193124807","28.6","2.04899157319196","-19.0516992689255","63.0252359631445","53.5084253327097","-345.345360061762","52521.0299692871","5.29411982090414","A straight 20-year ramp with strong but not magical energy, storage, robotics, and budget assumptions."
"linear_reference_2046","Linear 2046 reference","2037","11","55","16.2699353944717","13.8131751499065","clean_energy","13558.2794953931","16.2699353944717","9190742.77094007","183.814855418801","56.0492909633504","107.142857142857","84","1.36667457313562","13558.2794953931","1.54774880084396","27.24","2.44049030917075","-15.8673151592643","79.2951713576162","67.3216004826161","-361.212675221026","66079.3094646802","6.66079439403976","A straight 20-year ramp with strong but not magical energy, storage, robotics, and budget assumptions."
"linear_reference_2046","Linear 2046 reference","2038","12","60","19.2714257036424","16.3614404223924","clean_energy","16059.521419702","19.2714257036424","11488428.4636751","229.768569273502","61.4112746921201","107.142857142857","84","1.61879975910596","16059.521419702","1.83327870087923","25.88","2.89071385554636","-12.4092734331539","98.5665970612586","83.6830409050086","-373.62194865418","82138.8308843822","8.27959415314572","A straight 20-year ramp with strong but not magical energy, storage, robotics, and budget assumptions."
"linear_reference_2046","Linear 2046 reference","2039","13","65","22.7231395591888","19.2919454857513","clean_energy","18935.9496326573","22.7231395591888","14360535.5795939","287.210711591877","66.7956720157636","107.142857142857","84","1.90874372297186","18935.9496326573","2.16163808591979","24.52","3.40847093387832","-8.63652544812704","121.289736620447","102.97498639076","-382.258474102307","101074.78051704","10.1883378761176","A straight 20-year ramp with strong but not magical energy, storage, robotics, and budget assumptions."
"linear_reference_2046","Linear 2046 reference","2040","14","70","26.6926104930671","22.662026308614","clean_energy","22243.8420775559","26.6926104930671","17950669.4744923","359.013389489846","72.2008384723545","107.142857142857","84","2.24217928141764","22243.8420775559","2.53925137871643","23.16","4.00389157396006","-4.5018652653461","147.982347113514","125.637012699374","-386.760339367653","123318.622594595","12.4305171575352","A straight 20-year ramp with strong but not magical energy, storage, robotics, and budget assumptions."
"linear_reference_2046","Linear 2046 reference","2041","15","75","31.2575020670272","26.5376192549061","clean_energy","26047.9183891893","31.2575020670272","22438336.8431154","448.766736862308","77.6253597018492","107.142857142857","84","2.62563017363028","26047.9183891893","2.97350666543257","21.8","4.68862531005407","0.0489939448519809","179.239849180542","152.17463195428","-386.711345422801","149366.540983785","15.0561473311655","A straight 20-year ramp with strong but not magical energy, storage, robotics, and budget assumptions."
"linear_reference_2046","Linear 2046 reference","2042","16","80","36.5071273770812","30.994551143142","clean_energy","30422.6061475677","36.5071273770812","28047921.0538942","560.958421077885","83.0680059640227","107.142857142857","84","3.06659869967482","30422.6061475677","3.47290024515613","20.44","5.47606910656218","5.07848203657978","215.746976557623","183.169183097422","-381.632863386222","179789.147131352","18.1227460308403","A straight 20-year ramp with strong but not magical energy, storage, robotics, and budget assumptions."
"linear_reference_2046","Linear 2046 reference","2043","17","85","42.5441964836434","36.1200228146133","clean_energy","35453.4970697028","42.5441964836434","35059901.3173678","701.198026347356","88.527697945556","107.142857142857","84","3.57371250462605","35453.4970697028","4.04720286183822","19.08","6.38162947254651","10.6583933420667","258.291173041266","219.289205912035","-370.974470044155","215242.644201055","21.6964585354664","A straight 20-year ramp with strong but not magical energy, storage, robotics, and budget assumptions."
"linear_reference_2046","Linear 2046 reference","2044","18","90","49.4868259561899","42.0143152368052","clean_energy","41239.0216301583","49.4868259561899","43824876.6467097","876.497532934195","94.0034805504352","107.142857142857","84","4.15689338031995","41239.0216301583","4.70765087102263","17.72","7.42302389342849","16.8712913433768","307.777998997456","261.30352114884","-354.103178700778","256481.665831213","25.8533519157863","A straight 20-year ramp with strong but not magical energy, storage, robotics, and budget assumptions."
"linear_reference_2046","Linear 2046 reference","2045","19","95","57.4708498496184","48.792751522326","clean_energy","47892.374874682","57.4708498496184","54781095.8083872","1095.62191616774","99.4945024670411","107.142857142857","84","4.82755138736795","47892.374874682","5.4671660815847","16.36","8.62062747744276","23.8121240448833","365.248848847075","310.096272671166","-330.291054655895","304374.040705896","30.6809033031543","A straight 20-year ramp with strong but not magical energy, storage, robotics, and budget assumptions."
"linear_reference_2046","Linear 2046 reference","2046","20","100","66.6524773270612","56.5879532506749","clean_energy","55543.7311058843","66.6524773270612","68476369.760484","1369.52739520968","105","107.142857142857","84","5.59880809547314","55543.7311058843","6.34060857373109","15","9.99787159905917","31.5900816516158","431.901326174136","366.684225921841","-298.700973004279","359917.77181178","36.2797113986274","A straight 20-year ramp with strong but not magical energy, storage, robotics, and budget assumptions."
"linear_reference_2046","Linear 2046 reference","2047","21","100","77.2113489261203","65.5524352382762","clean_energy","64342.7907717669","77.2113489261203","85595462.200605","1711.9092440121","105","107.142857142857","84","6.48575330979411","64342.7907717669","7.34506743969942","13.25","11.5817023389181","40.7207328993581","509.112675100256","432.236661160117","-257.980240104921","424260.562583547","42.7654647084215","A straight 20-year ramp with strong but not magical energy, storage, robotics, and budget assumptions."
"linear_reference_2046","Linear 2046 reference","2048","22","100","89.3540512650384","75.8615895240176","clean_energy","74461.709387532","89.3540512650384","106994327.750756","2139.88655501512","105","107.142857142857","84","7.50574030626322","74461.709387532","8.50019513556301","11.5","13.4031076897558","50.9584818342618","598.466726365294","508.098250684135","-207.021758270659","498722.271971079","50.2712050146847","A straight 20-year ramp with strong but not magical energy, storage, robotics, and budget assumptions."
"linear_reference_2046","Linear 2046 reference","2049","23","100","100","84.9","planned_target","86098.4657956618","103.318158954794","133742909.688445","2674.85819376891","105","107.142857142857","84","8.4","83333.3333333333","9.51293759512938","9.75","15","60.15","698.466726365294","592.998250684135","-146.871758270659","582055.605304412","58.6712050146847","A straight 20-year ramp with strong but not magical energy, storage, robotics, and budget assumptions."
"linear_reference_2046","Linear 2046 reference","2050","24","100","100","84.9","planned_target","99480.735665011","119.376882798013","167178637.110557","3343.57274221113","105","107.142857142857","84","8.4","83333.3333333333","9.51293759512938","8","15","61.9","798.466726365294","677.898250684135","-84.9717582706592","665388.938637745","67.0712050146847","A straight 20-year ramp with strong but not magical energy, storage, robotics, and budget assumptions."
"linear_reference_2046","Linear 2046 reference","2051","25","100","100","84.9","planned_target","114870.346014763","137.844415217715","208973296.388196","4179.46592776391","105","107.142857142857","84","8.4","83333.3333333333","9.51293759512938","7.4","15","62.5","898.466726365294","762.798250684135","-22.4717582706592","748722.271971079","75.4712050146847","A straight 20-year ramp with strong but not magical energy, storage, robotics, and budget assumptions."
"linear_reference_2046","Linear 2046 reference","2052","26","100","100","84.9","planned_target","132568.397916977","159.082077500372","261216620.485245","5224.33240970489","105","107.142857142857","84","8.4","83333.3333333333","9.51293759512938","6.8","15","63.1","998.466726365294","847.698250684135","40.6282417293408","832055.605304412","83.8712050146847","A straight 20-year ramp with strong but not magical energy, storage, robotics, and budget assumptions."
"linear_reference_2046","Linear 2046 reference","2053","27","100","100","84.9","planned_target","152921.157604524","183.505389125428","326520775.606556","6530.41551213112","105","107.142857142857","84","8.4","83333.3333333333","9.51293759512938","6.2","15","63.7","1098.46672636529","932.598250684135","104.328241729341","915388.938637746","92.2712050146848","A straight 20-year ramp with strong but not magical energy, storage, robotics, and budget assumptions."
"linear_reference_2046","Linear 2046 reference","2054","28","100","100","84.9","planned_target","176326.831245202","211.592197494243","408150969.508195","8163.0193901639","105","107.142857142857","84","8.4","83333.3333333333","9.51293759512938","5.6","15","64.3","1198.46672636529","1017.49825068413","168.628241729341","998722.271971079","100.671205014685","A straight 20-year ramp with strong but not magical energy, storage, robotics, and budget assumptions."
"linear_reference_2046","Linear 2046 reference","2055","29","100","100","84.9","planned_target","203243.355931982","243.892027118379","510188711.885244","10203.7742377049","105","107.142857142857","84","8.4","83333.3333333333","9.51293759512938","5","15","64.9","1298.46672636529","1102.39825068414","233.528241729341","1082055.60530441","109.071205014685","A straight 20-year ramp with strong but not magical energy, storage, robotics, and budget assumptions."
"linear_reference_2046","Linear 2046 reference","2056","30","100","100","84.9","planned_target","234197.35932178","281.036831186136","637735889.856554","12754.7177971311","105","107.142857142857","84","8.4","83333.3333333333","9.51293759512938","4.4","15","65.5","1398.46672636529","1187.29825068414","299.028241729341","1165388.93863775","117.471205014685","A straight 20-year ramp with strong but not magical energy, storage, robotics, and budget assumptions."
"linear_reference_2046","Linear 2046 reference","2057","31","100","100","84.9","planned_target","269794.463220047","323.753355864056","797169862.320693","15943.3972464139","105","107.142857142857","84","8.4","83333.3333333333","9.51293759512938","3.8","15","66.1","1498.46672636529","1272.19825068414","365.128241729341","1248722.27197108","125.871205014685","A straight 20-year ramp with strong but not magical energy, storage, robotics, and budget assumptions."
"linear_reference_2046","Linear 2046 reference","2058","32","100","100","84.9","planned_target","310731.132703054","372.877359243665","996462327.900866","19929.2465580173","105","107.142857142857","84","8.4","83333.3333333333","9.51293759512938","3.2","15","66.7","1598.46672636529","1357.09825068414","431.828241729341","1332055.60530441","134.271205014685","A straight 20-year ramp with strong but not magical energy, storage, robotics, and budget assumptions."
"linear_reference_2046","Linear 2046 reference","2059","33","100","100","84.9","planned_target","357808.302608512","429.369963130214","1245577909.87608","24911.5581975217","105","107.142857142857","84","8.4","83333.3333333333","9.51293759512938","2.6","15","67.3","1698.46672636529","1441.99825068414","499.128241729341","1415388.93863775","142.671205014685","A straight 20-year ramp with strong but not magical energy, storage, robotics, and budget assumptions."
"linear_reference_2046","Linear 2046 reference","2060","34","100","100","84.9","planned_target","411947.047999789","494.336457599746","1556972387.3451","31139.4477469021","105","107.142857142857","84","8.4","83333.3333333333","9.51293759512938","2","15","67.9","1798.46672636529","1526.89825068414","567.028241729341","1498722.27197108","151.071205014685","A straight 20-year ramp with strong but not magical energy, storage, robotics, and budget assumptions."
"s_curve_industrialization","S-curve industrialization","2026","0","0","0","0","startup","493","0.7395","205988.88","4.57753066666667","0","31.6666666666667","300","0","0","0","42.2","0","-42.2","0","0","-42.2","0","0","A slower early ramp that accelerates after factories, supply chains, and field automation start compounding."
"s_curve_industrialization","S-curve industrialization","2027","1","0.25","0.082969924627496","0.0713541351796466","storage","1064.88","1.59732","467594.7576","10.3909946133333","0.082969924627496","125","76","0.0063057142716897","55.3132830849974","0.00631430172203166","40.69","0.00995639095529952","-40.6286022557757","0.082969924627496","0.0713541351796466","-82.8286022557757","55.3132830849974","0.0063057142716897","A slower early ramp that accelerates after factories, supply chains, and field automation start compounding."
"s_curve_industrialization","S-curve industrialization","2028","2","1","0.437917887608847","0.376609383343609","storage","1728.2608","2.5923912","799834.222152","17.7740938256","0.437917887608847","125","76","0.0332817594582724","291.945258405898","0.0333270842929107","39.18","0.0525501465130617","-38.8559407631695","0.520887812236343","0.447963518523255","-121.684543018945","347.258541490895","0.0395874737299621","A slower early ramp that accelerates after factories, supply chains, and field automation start compounding."
"s_curve_industrialization","S-curve industrialization","2029","3","2.25","1.15880859271144","0.996575389731835","storage","2497.782528","3.746673792","1221778.34213304","27.1506298251787","1.15880859271144","125","76","0.0880694530460691","772.539061807624","0.0881893906173087","37.67","0.139057031125372","-36.8124816413935","1.67969640494778","1.44453890825509","-158.497024660339","1119.79760329852","0.127656926776031","A slower early ramp that accelerates after factories, supply chains, and field automation start compounding."
"s_curve_industrialization","S-curve industrialization","2030","4","4","2.31134446787532","1.98775624237277","storage","3390.42773248","5.08564159872","1757647.37450896","39.0588305446436","2.31134446787532","125","76","0.175662179558524","1540.89631191688","0.175901405469963","36.16","0.277361336145038","-34.4496050937723","3.9910408728231","3.43229515062786","-192.946629754111","2660.6939152154","0.303319106334555","A slower early ramp that accelerates after factories, supply chains, and field automation start compounding."
"s_curve_industrialization","S-curve industrialization","2031","5","6.25","3.94865059530231","3.39583951195999","storage","4425.8961696768","6.6388442545152","2438201.04562638","54.182245458364","3.94865059530231","125","76","0.300097445242975","2632.43373020154","0.300506133584651","34.65","0.473838071436277","-31.7279985594763","7.9396914681254","6.82813466258785","-224.674628313587","5293.12764541693","0.603416551577531","A slower early ramp that accelerates after factories, supply chains, and field automation start compounding."
"s_curve_industrialization","S-curve industrialization","2032","6","9","6.11622842061738","5.25995644173095","storage","5627.03955682509","8.44055933523763","3302504.2079455","73.388982398789","6.11622842061738","125","76","0.464833359966921","4077.48561374492","0.465466394263119","33.14","0.733947410474085","-28.6139909687431","14.0559198887428","12.0880911043188","-253.28861928233","9370.61325916185","1.06824991154445","A slower early ramp that accelerates after factories, supply chains, and field automation start compounding."
"s_curve_industrialization","S-curve industrialization","2033","7","12.25","8.8543358623687","7.61472884163708","storage","7020.3658859171","10.5305488288757","4400169.22409079","97.7815383131286","8.8543358623687","125","76","0.672929525540021","5902.89057491247","0.673845956040236","31.63","1.06252030348424","-25.0777914618472","22.9102557511115","19.7028199459559","-278.366410744178","15273.5038340743","1.74117943708447","A slower early ramp that accelerates after factories, supply chains, and field automation start compounding."
"s_curve_industrialization","S-curve industrialization","2034","8","16","12.1993492395306","10.4914403459963","storage","8636.62442766384","12.9549366414958","5588214.9145953","124.182553657673","12.1993492395306","125","76","0.927150542204324","8132.89949302039","0.928413184134747","30.12","1.46392190874367","-21.0924815627474","35.1096049906421","30.1942602919522","-299.458892306925","23406.4033270947","2.6683299792888","A slower early ramp that accelerates after factories, supply chains, and field automation start compounding."
"s_curve_industrialization","S-curve industrialization","2035","9","20.25","15.7672265041351","13.5598147935562","clean_energy","10511.48433609","15.7672265041351","7097032.94153603","157.711843145245","16.184627870529","125","76","1.19830921431427","10511.48433609","1.19994113425685","28.61","1.89206718049621","-16.94225238694","50.8768314947771","43.7540750855083","-316.401144693865","33917.8876631848","3.86663919360306","A slower early ramp that accelerates after factories, supply chains, and field automation start compounding."
"s_curve_industrialization","S-curve industrialization","2036","10","25","19.0294827447967","16.3653551605251","clean_energy","12686.3218298645","19.0294827447967","9013231.83575076","200.294040794461","20.841102789518","125","76","1.44624068860455","12686.3218298645","1.44821025455074","27.1","2.2835379293756","-13.0181827688505","69.9063142395738","60.1194302460335","-329.419327462715","46604.2094930492","5.31287988220761","A slower early ramp that accelerates after factories, supply chains, and field automation start compounding."
"s_curve_industrialization","S-curve industrialization","2037","11","30.25","22.8136999839642","19.6197819862092","clean_energy","15209.1333226428","22.8136999839642","11446804.4314035","254.373431808966","26.1976985152417","125","76","1.73384119878128","15209.1333226428","1.73620243409164","25.59","2.7376439980757","-8.70786201186653","92.720014223538","79.7392122322427","-338.127189474582","61813.342815692","7.04672108098889","A slower early ramp that accelerates after factories, supply chains, and field automation start compounding."
"s_curve_industrialization","S-curve industrialization","2038","12","36","27.2033919813984","23.3949171040026","clean_energy","18135.5946542656","27.2033919813984","14537441.6278824","323.054258397387","32.2816471403945","125","76","2.06745779058628","18135.5946542656","2.07027336235909","24.08","3.26440703776781","-3.94948993376517","119.923406204936","103.134129336245","-342.076679408347","79948.9374699576","9.11417887157517","A slower early ramp that accelerates after factories, supply chains, and field automation start compounding."
"s_curve_industrialization","S-curve industrialization","2039","13","42.25","32.2954346984222","27.7740738406431","clean_energy","21530.2897989481","32.2954346984222","18462550.8674107","410.278908164681","39.118729481425","125","76","2.45445303708008","21530.2897989481","2.45779563914933","22.57","3.87545216381066","1.3286216768324","152.218840903359","130.908203176888","-340.748057731515","101479.227268906","11.5686319086553","A slower early ramp that accelerates after factories, supply chains, and field automation start compounding."
"s_curve_industrialization","S-curve industrialization","2040","14","49","38.2022042501697","32.8538956551459","clean_energy","25468.1361667798","38.2022042501697","23447439.6016115","521.054213369145","46.7334648601425","125","76","2.9033675230129","25468.1361667798","2.907321480226","21.06","4.58426451002036","7.20963114512557","190.421045153528","163.762098832034","-333.538426586389","126947.363435686","14.4719994316681","A slower early ramp that accelerates after factories, supply chains, and field automation start compounding."
"s_curve_industrialization","S-curve industrialization","2041","15","56.25","45.0540569301969","38.7464889599693","clean_energy","30036.0379534646","45.0540569301969","29778248.2940466","661.738850978814","55.1492635433232","125","76","3.42410832669496","30036.0379534646","3.42877145587495","19.55","5.40648683162362","13.7900021283457","235.475102083725","202.508587792004","-319.748424458043","156983.40138915","17.8961077583631","A slower early ramp that accelerates after factories, supply chains, and field automation start compounding."
"s_curve_industrialization","S-curve industrialization","2042","16","64","53.0022060390283","45.5818971935644","clean_energy","35334.8040260189","53.0022060390283","37818375.3334392","840.408340743094","64.3885513113676","125","76","4.02816765896615","35334.8040260189","4.03365342762773","18.04","6.3602647246834","21.181632468881","288.477308122753","248.090484985568","-298.566791989162","192318.205415169","21.9242754173293","A slower early ramp that accelerates after factories, supply chains, and field automation start compounding."
"s_curve_industrialization","S-curve industrialization","2043","17","72.25","62.2220590052729","53.5109707445347","clean_energy","41481.3726701819","62.2220590052729","48029336.6734678","1067.31859274373","74.4728727561526","125","76","4.72887648440074","41481.3726701819","4.73531651486095","16.53","7.46664708063274","29.5143236639019","350.699367128026","301.601455730103","-269.052468325261","233799.578085351","26.65315190173","A slower early ramp that accelerates after factories, supply chains, and field automation start compounding."
"s_curve_industrialization","S-curve industrialization","2044","18","81","72.9170884461165","62.7086960636602","clean_energy","48611.392297411","72.9170884461165","60997257.5753042","1355.49461278454","85.4229780323137","125","76","5.54169872190486","48611.392297411","5.54924569605148","15.02","8.75005061353398","38.9386454501262","423.616455574143","364.310151793763","-230.113822875134","282410.970382762","32.1948506236349","A slower early ramp that accelerates after factories, supply chains, and field automation start compounding."
"s_curve_industrialization","S-curve industrialization","2045","19","90.25","85.3233225974951","73.3780574338458","clean_energy","56882.2150649968","85.3233225974951","77466517.1206363","1721.47815823636","97.25889652218","125","76","6.48457251740963","56882.2150649968","6.49340354623251","13.51","10.2387987116994","49.6292587221464","508.939778171638","437.688209227609","-180.484564152988","339293.185447759","38.6794231410445","A slower early ramp that accelerates after factories, supply chains, and field automation start compounding."
"s_curve_industrialization","S-curve industrialization","2046","20","100","99.7145542130944","85.7545166232612","clean_energy","66476.3694753962","99.7145542130944","98382476.7432081","2186.27726096018","110","125","76","7.57830612019517","66476.3694753962","7.58862665244249","12","11.9657465055713","61.7887701176898","608.654332384732","523.44272585087","-118.695794035298","405769.554923155","46.2577292612397","A slower early ramp that accelerates after factories, supply chains, and field automation start compounding."
"s_curve_industrialization","S-curve industrialization","2047","21","100","100","86","planned_target","77605.5885914596","116.408382887189","124945745.463874","2776.57212141943","110","125","76","7.6","66666.6666666667","7.6103500761035","10.25","12","63.75","708.654332384732","609.44272585087","-54.9457940352981","472436.221589822","53.8577292612397","A slower early ramp that accelerates after factories, supply chains, and field automation start compounding."
"s_curve_industrialization","S-curve industrialization","2048","22","100","100","86","planned_target","90515.4827660932","135.77322414914","158681096.73912","3526.24659420267","110","125","76","7.6","66666.6666666667","7.6103500761035","8.5","12","65.5","808.654332384732","695.44272585087","10.5542059647019","539102.888256488","61.4577292612397","A slower early ramp that accelerates after factories, supply chains, and field automation start compounding."
"s_curve_industrialization","S-curve industrialization","2049","23","100","100","86","planned_target","105490.960008668","158.236440013002","201524992.858683","4478.3331746374","110","125","76","7.6","66666.6666666667","7.6103500761035","6.75","12","67.25","908.654332384732","781.44272585087","77.8042059647019","605769.554923155","69.0577292612397","A slower early ramp that accelerates after factories, supply chains, and field automation start compounding."
"s_curve_industrialization","S-curve industrialization","2050","24","100","100","86","planned_target","122862.513610055","184.293770415082","255936740.930527","5687.48313178949","110","125","76","7.6","66666.6666666667","7.6103500761035","5","12","69","1008.65433238473","867.44272585087","146.804205964702","672436.221589822","76.6577292612397","A slower early ramp that accelerates after factories, supply chains, and field automation start compounding."
"s_curve_industrialization","S-curve industrialization","2051","25","100","100","86","planned_target","143013.515787664","214.520273681496","325039660.98177","7223.10357737266","110","125","76","7.6","66666.6666666667","7.6103500761035","4.6","12","69.4","1108.65433238473","953.44272585087","216.204205964702","739102.888256488","84.2577292612396","A slower early ramp that accelerates after factories, supply chains, and field automation start compounding."
"s_curve_industrialization","S-curve industrialization","2052","26","100","100","86","planned_target","166388.67831369","249.583017470535","412800369.446847","9173.34154326327","110","125","76","7.6","66666.6666666667","7.6103500761035","4.2","12","69.8","1208.65433238473","1039.44272585087","286.004205964702","805769.554923155","91.8577292612396","A slower early ramp that accelerates after factories, supply chains, and field automation start compounding."
"s_curve_industrialization","S-curve industrialization","2053","27","100","100","86","planned_target","193503.86684388","290.25580026582","524256469.197496","11650.1437599444","110","125","76","7.6","66666.6666666667","7.6103500761035","3.8","12","70.2","1308.65433238473","1125.44272585087","356.204205964702","872436.221589821","99.4577292612396","A slower early ramp that accelerates after factories, supply chains, and field automation start compounding."
"s_curve_industrialization","S-curve industrialization","2054","28","100","100","86","planned_target","224957.485538901","337.436228308352","665805715.88082","14795.6825751293","110","125","76","7.6","66666.6666666667","7.6103500761035","3.4","12","70.6","1408.65433238473","1211.44272585087","426.804205964702","939102.888256488","107.05772926124","A slower early ramp that accelerates after factories, supply chains, and field automation start compounding."
"s_curve_industrialization","S-curve industrialization","2055","29","100","100","86","planned_target","261443.683225125","392.165524837688","845573259.168641","18790.5168704143","110","125","76","7.6","66666.6666666667","7.6103500761035","3","12","71","1508.65433238473","1297.44272585087","497.804205964702","1005769.55492315","114.65772926124","A slower early ramp that accelerates after factories, supply chains, and field automation start compounding."
"s_curve_industrialization","S-curve industrialization","2056","30","100","100","86","planned_target","303767.672541145","455.651508811718","1073878039.14417","23863.9564254261","110","125","76","7.6","66666.6666666667","7.6103500761035","2.6","12","71.4","1608.65433238473","1383.44272585087","569.204205964702","1072436.22158982","122.25772926124","A slower early ramp that accelerates after factories, supply chains, and field automation start compounding."
"s_curve_industrialization","S-curve industrialization","2057","31","100","100","86","planned_target","352863.500147729","529.295250221593","1363825109.7131","30307.2246602912","110","125","76","7.6","66666.6666666667","7.6103500761035","2.2","12","71.8","1708.65433238473","1469.44272585087","641.004205964702","1139102.88825649","129.85772926124","A slower early ramp that accelerates after factories, supply chains, and field automation start compounding."
"s_curve_industrialization","S-curve industrialization","2058","32","100","100","86","planned_target","409814.660171365","614.721990257048","1732057889.33564","38490.1753185698","110","125","76","7.6","66666.6666666667","7.6103500761035","1.8","12","72.2","1808.65433238473","1555.44272585087","713.204205964702","1205769.55492315","137.45772926124","A slower early ramp that accelerates after factories, supply chains, and field automation start compounding."
"s_curve_industrialization","S-curve industrialization","2059","33","100","100","86","planned_target","475878.005798784","713.817008698175","2199713519.45626","48882.5226545836","110","125","76","7.6","66666.6666666667","7.6103500761035","1.4","12","72.6","1908.65433238473","1641.44272585087","785.804205964702","1272436.22158982","145.05772926124","A slower early ramp that accelerates after factories, supply chains, and field automation start compounding."
"s_curve_industrialization","S-curve industrialization","2060","34","100","100","86","planned_target","552511.486726589","828.767230089883","2793636169.70945","62080.8037713212","110","125","76","7.6","66666.6666666667","7.6103500761035","1","12","73","2008.65433238473","1727.44272585087","858.804205964702","1339102.88825649","152.65772926124","A slower early ramp that accelerates after factories, supply chains, and field automation start compounding."
"abundance_acceleration_2040","Abundance acceleration 2040","2026","0","0","0","0","startup","467.5","0.935","216830.4","7.22768","0","30.7692307692308","260","0","0","0","42.2","0","-42.2","0","0","-42.2","0","0","A more optimistic automation and clean-energy case that reaches 100 Gt/year earlier, then runs as a managed drawdown system."
"abundance_acceleration_2040","Abundance acceleration 2040","2027","1","2.83613664840146","2.0383","1.83447","clean_energy","1019.15","2.0383","498709.92","16.623664","4.23643753502341","177.777777777778","45","0.0917235","1019.15","0.116341324200913","40.44","0.101915","-38.707445","2.0383","1.83447","-80.907445","1019.15","0.0917235","A more optimistic automation and clean-energy case that reaches 100 Gt/year earlier, then runs as a managed drawdown system."
"abundance_acceleration_2040","Abundance acceleration 2040","2028","2","7.22965621149942","3.340194","3.0061746","clean_energy","1670.097","3.340194","865153.296","28.8384432","10.3055642842364","177.777777777778","45","0.15030873","1670.097","0.190650342465753","38.68","0.1670097","-35.8408351","5.378494","4.8406446","-116.7482801","2689.247","0.24203223","A more optimistic automation and clean-energy case that reaches 100 Gt/year earlier, then runs as a managed drawdown system."
"abundance_acceleration_2040","Abundance acceleration 2040","2029","3","12.498009363537","4.87642892","4.388786028","clean_energy","2438.21446","4.87642892","1341529.6848","44.71765616","17.334400100646","177.777777777778","45","0.2194393014","2438.21446","0.278334984018265","36.92","0.243821446","-32.775035418","10.25492292","9.229430628","-149.523315518","5127.46146","0.4614715314","A more optimistic automation and clean-energy case that reaches 100 Gt/year earlier, then runs as a managed drawdown system."
"abundance_acceleration_2040","Abundance acceleration 2040","2030","4","18.4292703124626","6.6891861256","6.02026751304","clean_energy","3344.5930628","6.6891861256","1960818.99024","65.360633008","25.0693310921062","177.777777777778","45","0.301013375652","3344.5930628","0.381802861050228","35.16","0.33445930628","-29.47419179324","16.9441090456","15.24969814104","-178.99750731124","8472.0545228","0.762484907052","A more optimistic automation and clean-energy case that reaches 100 Gt/year earlier, then runs as a managed drawdown system."
"abundance_acceleration_2040","Abundance acceleration 2040","2031","5","24.9078738608104","8.828239628208","7.9454156653872","clean_energy","4414.119814104","8.828239628208","2765895.087312","92.1965029104","33.3756580963085","177.777777777778","45","0.39727078326936","4414.119814104","0.503894955947945","33.4","0.4414119814104","-25.8959963160232","25.772348673808","23.1951138064272","-204.893503627263","12886.174336904","1.15975569032136","A more optimistic automation and clean-energy case that reaches 100 Gt/year earlier, then runs as a managed drawdown system."
"abundance_acceleration_2040","Abundance acceleration 2040","2032","6","31.8589413092634","11.3523227612854","10.2170904851569","clean_energy","5676.16138064272","11.3523227612854","3812494.0135056","127.08313378352","42.1676876122979","177.777777777778","45","0.510854524257845","5676.16138064272","0.647963627927251","31.64","0.567616138064272","-21.9905256529074","37.1246714350934","33.4122042915841","-226.884029280171","18562.3357175467","1.6706102145792","A more optimistic automation and clean-energy case that reaches 100 Gt/year earlier, then runs as a managed drawdown system."
"abundance_acceleration_2040","Abundance acceleration 2040","2033","7","39.2292048948375","14.3307408583168","12.8976667724851","clean_energy","7165.37042915841","14.3307408583168","5173072.61755728","172.435753918576","51.3853174141997","177.777777777778","45","0.644883338624257","7165.37042915841","0.817964660862832","29.88","0.716537042915841","-17.6988702704307","51.4554122934103","46.3098710640692","-244.582899550601","25727.7061467051","2.31549355320346","A more optimistic automation and clean-energy case that reaches 100 Gt/year earlier, then runs as a managed drawdown system."
"abundance_acceleration_2040","Abundance acceleration 2040","2034","8","46.9784446609772","17.8452742128138","16.0607467915325","clean_energy","8922.63710640692","17.8452742128138","6724994.40282447","224.166480094149","60.9836923114409","177.777777777778","45","0.803037339576623","8922.63710640692","1.01856587972682","28.12","0.892263710640692","-12.9515169191082","69.3006865062241","62.3706178556017","-257.53441646971","34650.343253112","3.11853089278008","A more optimistic automation and clean-energy case that reaches 100 Gt/year earlier, then runs as a managed drawdown system."
"abundance_acceleration_2040","Abundance acceleration 2040","2035","9","55.0750042805934","21.9924235711203","19.7931812140083","clean_energy","10996.2117855602","21.9924235711203","8742492.72367181","291.416424122393","70.9278549170475","177.777777777778","45","0.989659060700415","10996.2117855602","1.25527531798632","26.36","1.09962117855602","-7.66643996454771","91.2931100773445","82.16379906961","-265.200856434257","45646.5550386722","4.1081899534805","A more optimistic automation and clean-energy case that reaches 100 Gt/year earlier, then runs as a managed drawdown system."
"abundance_acceleration_2040","Abundance acceleration 2040","2036","10","63.4931906664471","26.886059813922","24.1974538325298","clean_energy","13443.029906961","26.886059813922","11365240.5407733","378.841351359112","81.1896758058304","177.777777777778","45","1.20987269162649","13443.029906961","1.53459245513253","24.6","1.3443029906961","-1.74684915816631","118.179169891266","106.36125290214","-266.947705592424","59089.5849456332","5.31806264510699","A more optimistic automation and clean-energy case that reaches 100 Gt/year earlier, then runs as a managed drawdown system."
"abundance_acceleration_2040","Abundance acceleration 2040","2037","11","72.2116513765337","32.660550580428","29.3944955223852","clean_energy","16330.275290214","32.660550580428","14774812.7030054","492.493756766845","91.7459550610378","177.777777777778","45","1.46972477611926","16330.275290214","1.86418667696507","22.84","1.6330275290214","4.92146799336376","150.839720471694","135.755748424525","-262.02623759906","75419.8602358472","6.78778742122625","A more optimistic automation and clean-energy case that reaches 100 Gt/year earlier, then runs as a managed drawdown system."
"abundance_acceleration_2040","Abundance acceleration 2040","2038","12","81.2123044417247","39.474449684905","35.5270047164145","clean_energy","19737.2248424525","39.474449684905","19207256.513907","640.241883796898","102.57717995687","177.777777777778","45","1.77635023582072","19737.2248424525","2.25310785872745","21.08","1.97372248424525","12.4732822321692","190.314170156599","171.282753140939","-249.552955366891","95157.0850782997","8.56413765704697","A more optimistic automation and clean-energy case that reaches 100 Gt/year earlier, then runs as a managed drawdown system."
"abundance_acceleration_2040","Abundance acceleration 2040","2039","13","90.4796011444732","47.5148506281879","42.7633655653691","clean_energy","23757.4253140939","47.5148506281879","24969433.468079","832.314448935968","113.666675123438","177.777777777778","45","2.13816827826845","23757.4253140939","2.71203485320707","19.32","2.37574253140939","21.0676230339597","237.829020784787","214.046118706309","-228.485332332931","118914.510392394","10.7023059353154","A more optimistic automation and clean-energy case that reaches 100 Gt/year earlier, then runs as a managed drawdown system."
"abundance_acceleration_2040","Abundance acceleration 2040","2040","14","100","57.0025237412617","51.3022713671355","clean_energy","28501.2618706308","57.0025237412617","32460263.5085028","1082.00878361676","125","177.777777777778","45","2.56511356835678","28501.2618706308","3.25356870669302","17.56","2.85012618706308","30.8921451800724","294.831544526049","265.348390073444","-197.593187152858","147415.772263024","13.2674195036722","A more optimistic automation and clean-energy case that reaches 100 Gt/year earlier, then runs as a managed drawdown system."
"abundance_acceleration_2040","Abundance acceleration 2040","2041","15","100","68.1979780146888","61.3781802132199","clean_energy","34098.9890073444","68.1979780146888","42198342.5610536","1406.61141870179","125","177.777777777778","45","3.068909010661","34098.9890073444","3.89257865380644","15.8","3.40989890073444","42.1682813124855","363.029522540738","326.726570286664","-155.424905840373","181514.761270369","16.3363285143332","A more optimistic automation and clean-energy case that reaches 100 Gt/year earlier, then runs as a managed drawdown system."
"abundance_acceleration_2040","Abundance acceleration 2040","2042","16","100","81.4086140573328","73.2677526515995","clean_energy","40704.3070286664","81.4086140573328","54857845.3293697","1828.59484431232","125","177.777777777778","45","3.66338763257997","40704.3070286664","4.64661039140027","14.04","4.07043070286664","55.1573219487329","444.438136598071","399.994322938263","-100.26758389164","222219.068299035","19.9997161469132","A more optimistic automation and clean-energy case that reaches 100 Gt/year earlier, then runs as a managed drawdown system."
"abundance_acceleration_2040","Abundance acceleration 2040","2043","17","100","96.9971645876527","87.2974481288874","clean_energy","48498.5822938263","96.9971645876527","71315198.9281806","2377.17329760602","125","177.777777777778","45","4.36487240644437","48498.5822938263","5.536367841761","12.28","4.84985822938263","70.1675898995048","541.435301185723","487.291771067151","-30.0999939921353","270717.650592862","24.3645885533575","A more optimistic automation and clean-energy case that reaches 100 Gt/year earlier, then runs as a managed drawdown system."
"abundance_acceleration_2040","Abundance acceleration 2040","2044","18","100","100","90","planned_target","57695.8271067151","115.39165421343","92709758.6066348","3090.32528688782","125","177.777777777778","45","4.5","50000","5.70776255707763","10.52","5","74.48","641.435301185723","577.291771067151","44.3800060078647","320717.650592862","28.8645885533575","A more optimistic automation and clean-energy case that reaches 100 Gt/year earlier, then runs as a managed drawdown system."
"abundance_acceleration_2040","Abundance acceleration 2040","2045","19","100","100","90","planned_target","68548.5759859238","137.097151971848","120522686.188625","4017.42287295417","125","177.777777777778","45","4.5","50000","5.70776255707763","8.76000000000001","5","76.24","741.435301185723","667.291771067151","120.620006007865","370717.650592862","33.3645885533575","A more optimistic automation and clean-energy case that reaches 100 Gt/year earlier, then runs as a managed drawdown system."
"abundance_acceleration_2040","Abundance acceleration 2040","2046","20","100","100","90","planned_target","81354.8196633901","162.70963932678","156679492.045213","5222.64973484042","125","177.777777777778","45","4.5","50000","5.70776255707763","7","5","78","841.435301185723","757.291771067151","198.620006007865","420717.650592862","37.8645885533575","A more optimistic automation and clean-energy case that reaches 100 Gt/year earlier, then runs as a managed drawdown system."
"abundance_acceleration_2040","Abundance acceleration 2040","2047","21","100","100","90","planned_target","96466.1872028003","192.932374405601","203683339.658777","6789.44465529255","125","177.777777777778","45","4.5","50000","5.70776255707763","5.75","5","79.25","941.435301185723","847.291771067151","277.870006007865","470717.650592862","42.3645885533575","A more optimistic automation and clean-energy case that reaches 100 Gt/year earlier, then runs as a managed drawdown system."
"abundance_acceleration_2040","Abundance acceleration 2040","2048","22","100","100","90","planned_target","114297.600899304","228.595201798609","264788341.55641","8826.27805188032","125","177.777777777778","45","4.5","50000","5.70776255707763","4.5","5","80.5","1041.43530118572","937.291771067151","358.370006007865","520717.650592862","46.8645885533575","A more optimistic automation and clean-energy case that reaches 100 Gt/year earlier, then runs as a managed drawdown system."
"abundance_acceleration_2040","Abundance acceleration 2040","2049","23","100","100","90","planned_target","135338.669061179","270.677338122358","344224844.023332","11474.1614674444","125","177.777777777778","45","4.5","50000","5.70776255707763","3.25","5","81.75","1141.43530118572","1027.29177106715","440.120006007865","570717.650592862","51.3645885533575","A more optimistic automation and clean-energy case that reaches 100 Gt/year earlier, then runs as a managed drawdown system."
"abundance_acceleration_2040","Abundance acceleration 2040","2050","24","100","100","90","planned_target","160167.129492191","320.334258984383","447492297.230332","14916.4099076777","125","177.777777777778","45","4.5","50000","5.70776255707763","2","5","83","1241.43530118572","1117.29177106715","523.120006007865","620717.650592862","55.8645885533575","A more optimistic automation and clean-energy case that reaches 100 Gt/year earlier, then runs as a managed drawdown system."
"abundance_acceleration_2040","Abundance acceleration 2040","2051","25","100","100","90","planned_target","189464.712800786","378.929425601571","581739986.399432","19391.3328799811","125","177.777777777778","45","4.5","50000","5.70776255707763","1.8","5","83.2","1341.43530118572","1207.29177106715","606.320006007865","670717.650592862","60.3645885533575","A more optimistic automation and clean-energy case that reaches 100 Gt/year earlier, then runs as a managed drawdown system."
"abundance_acceleration_2040","Abundance acceleration 2040","2052","26","100","100","90","planned_target","224035.861104927","448.071722209854","756261982.319261","25208.7327439754","125","177.777777777778","45","4.5","50000","5.70776255707763","1.6","5","83.4","1441.43530118572","1297.29177106715","689.720006007865","720717.650592862","64.8645885533575","A more optimistic automation and clean-energy case that reaches 100 Gt/year earlier, then runs as a managed drawdown system."
"abundance_acceleration_2040","Abundance acceleration 2040","2053","27","100","100","90","planned_target","264829.816103814","529.659632207628","983140577.01504","32771.352567168","125","177.777777777778","45","4.5","50000","5.70776255707763","1.4","5","83.6","1541.43530118572","1387.29177106715","773.320006007865","770717.650592862","69.3645885533575","A more optimistic automation and clean-energy case that reaches 100 Gt/year earlier, then runs as a managed drawdown system."
"abundance_acceleration_2040","Abundance acceleration 2040","2054","28","100","100","90","planned_target","312966.683002501","625.933366005001","1278082750.11955","42602.7583373184","125","177.777777777778","45","4.5","50000","5.70776255707763","1.2","5","83.8","1641.43530118572","1477.29177106715","857.120006007865","820717.650592862","73.8645885533575","A more optimistic automation and clean-energy case that reaches 100 Gt/year earlier, then runs as a managed drawdown system."
"abundance_acceleration_2040","Abundance acceleration 2040","2055","29","100","100","90","planned_target","369768.185942951","739.536371885901","1661507575.15542","55383.5858385139","125","177.777777777778","45","4.5","50000","5.70776255707763","1","5","84","1741.43530118572","1567.29177106715","941.120006007865","870717.650592862","78.3645885533575","A more optimistic automation and clean-energy case that reaches 100 Gt/year earlier, then runs as a managed drawdown system."
"abundance_acceleration_2040","Abundance acceleration 2040","2056","30","100","100","90","planned_target","436793.959412682","873.587918825363","2159959847.70204","71998.6615900681","125","177.777777777778","45","4.5","50000","5.70776255707763","0.8","5","84.2","1841.43530118572","1657.29177106715","1025.32000600786","920717.650592862","82.8645885533575","A more optimistic automation and clean-energy case that reaches 100 Gt/year earlier, then runs as a managed drawdown system."
"abundance_acceleration_2040","Abundance acceleration 2040","2057","31","100","100","90","planned_target","515884.372106964","1031.76874421393","2807947802.01266","93598.2600670885","125","177.777777777778","45","4.5","50000","5.70776255707763","0.6","5","84.4","1941.43530118572","1747.29177106715","1109.72000600786","970717.650592862","87.3645885533575","A more optimistic automation and clean-energy case that reaches 100 Gt/year earlier, then runs as a managed drawdown system."
"abundance_acceleration_2040","Abundance acceleration 2040","2058","32","100","100","90","planned_target","609211.059086218","1218.42211817244","3650332142.61645","121677.738087215","125","177.777777777778","45","4.5","50000","5.70776255707763","0.4","5","84.6","2041.43530118572","1837.29177106715","1194.32000600786","1020717.65059286","91.8645885533575","A more optimistic automation and clean-energy case that reaches 100 Gt/year earlier, then runs as a managed drawdown system."
"abundance_acceleration_2040","Abundance acceleration 2040","2059","33","100","100","90","planned_target","719336.549721737","1438.67309944347","4745431785.40139","158181.05951338","125","177.777777777778","45","4.5","50000","5.70776255707763","0.2","5","84.8","2141.43530118572","1927.29177106715","1279.12000600786","1070717.65059286","96.3645885533575","A more optimistic automation and clean-energy case that reaches 100 Gt/year earlier, then runs as a managed drawdown system."
"abundance_acceleration_2040","Abundance acceleration 2040","2060","34","100","100","90","planned_target","849284.62867165","1698.5692573433","6169061321.02181","205635.377367394","125","177.777777777778","45","4.5","50000","5.70776255707763","0","5","85","2241.43530118572","2017.29177106715","1364.12000600786","1120717.65059286","100.864588553358","A more optimistic automation and clean-energy case that reaches 100 Gt/year earlier, then runs as a managed drawdown system."
"energy_delayed","Energy-delayed buildout","2026","0","0","0","0","startup","238","0.2856","189726.6","3.794532","0","30","300","0","0","0","42.2","0","-42.2","0","0","-42.2","0","0","A case where AI and robotics improve, but dedicated clean energy and firm power do not arrive fast enough."
"energy_delayed","Energy-delayed buildout","2027","1","5","0.59976","0.50919624","clean_energy","499.8","0.59976","426884.85","8.537697","4.30445829665867","107.142857142857","84","0.05037984","499.8","0.057054794520548","40.99","0.089964","-40.57076776","0.59976","0.50919624","-82.77076776","499.8","0.05037984","A case where AI and robotics improve, but dedicated clean energy and firm power do not arrive fast enough."
"energy_delayed","Energy-delayed buildout","2028","2","10","0.945336","0.802590264","clean_energy","787.78","0.945336","723332.6625","14.46665325","8.91250938133746","107.142857142857","84","0.079408224","787.78","0.0899292237442922","39.78","0.1418004","-39.119210136","1.545096","1.311786504","-121.889977896","1287.58","0.129788064","A case where AI and robotics improve, but dedicated clean energy and firm power do not arrive fast enough."
"energy_delayed","Energy-delayed buildout","2029","3","15","1.3254696","1.1253236904","clean_energy","1104.558","1.3254696","1093892.428125","21.8778485625","13.6425584143042","107.142857142857","84","0.1113394464","1104.558","0.126091095890411","38.57","0.19882044","-37.6434967496","2.8705656","2.4371101944","-159.5334746456","2392.138","0.2411275104","A case where AI and robotics improve, but dedicated clean energy and firm power do not arrive fast enough."
"energy_delayed","Energy-delayed buildout","2030","4","20","1.74361656","1.48033045944","clean_energy","1453.0138","1.74361656","1557092.13515625","31.141842703125","18.4536166918118","107.142857142857","84","0.14646379104","1453.0138","0.165869155251142","37.36","0.261542484","-36.14121202456","4.61418216","3.91744065384","-195.67468667016","3845.1518","0.38759130144","A case where AI and robotics improve, but dedicated clean energy and firm power do not arrive fast enough."
"energy_delayed","Energy-delayed buildout","2031","5","25","2.203578216","1.870837905384","clean_energy","1836.31518","2.203578216","2136091.76894531","42.7218353789062","23.3258247884202","107.142857142857","84","0.185100570144","1836.31518","0.209625020547945","36.15","0.3305367324","-34.609698827016","6.817760376","5.788278559224","-230.284385497176","5681.46698","0.572691871584","A case where AI and robotics improve, but dedicated clean energy and firm power do not arrive fast enough."
"energy_delayed","Energy-delayed buildout","2032","6","30","2.7095360376","2.3003960959224","clean_energy","2257.946698","2.7095360376","2859841.31118164","57.1968262236328","28.2473243955723","107.142857142857","84","0.2276010271584","2257.946698","0.257756472374429","34.94","0.40643040564","-33.0460343097176","9.5272964136","8.0886746551464","-263.330419806894","7939.413678","0.8002928987424","A case where AI and robotics improve, but dedicated clean energy and firm power do not arrive fast enough."
"energy_delayed","Energy-delayed buildout","2033","7","35","3.26608964136","2.77291010551464","clean_energy","2721.7413678","3.26608964136","3764528.23897705","75.290564779541","33.2101965996581","107.142857142857","84","0.27435152987424","2721.7413678","0.310701069383562","33.73","0.489913446204","-31.4470033406894","12.79338605496","10.861584760661","-294.777423147583","10661.1550458","1.07464442861664","A case where AI and robotics improve, but dedicated clean energy and firm power do not arrive fast enough."
"energy_delayed","Energy-delayed buildout","2034","8","40","3.878298605496","3.29267551606611","clean_energy","3231.91550458","3.878298605496","4705660.29872131","94.1132059744263","38.208764158093","107.142857142857","84","0.325777082861664","3231.91550458","0.368940126093607","32.52","0.5817447908244","-29.8090692747583","16.671684660456","14.1542602767272","-324.586492422341","13893.07055038","1.4004215114783","A case where AI and robotics improve, but dedicated clean energy and firm power do not arrive fast enough."
"energy_delayed","Energy-delayed buildout","2035","9","45","4.5517284660456","3.86441746767272","clean_energy","3793.107055038","4.5517284660456","5882075.37340164","117.641507468033","43.2387509090693","107.142857142857","84","0.382345191147831","3793.107055038","0.433003088474658","31.31","0.68275926990684","-28.1283418022341","21.2234131265016","18.0186777443999","-352.714834224575","17686.177605418","1.78276670262614","A case where AI and robotics improve, but dedicated clean energy and firm power do not arrive fast enough."
"energy_delayed","Energy-delayed buildout","2036","10","50","5.29250131265016","4.49333361443999","clean_energy","4410.4177605418","5.29250131265016","7352594.21675205","147.051884335041","48.2968164462423","107.142857142857","84","0.444570110262614","4410.4177605418","0.503472347093813","30.1","0.793875196897525","-26.4005415824575","26.5159144391518","22.5120113588399","-379.115375807033","22096.5953659598","2.22733681288875","A case where AI and robotics improve, but dedicated clean energy and firm power do not arrive fast enough."
"energy_delayed","Energy-delayed buildout","2037","11","55","6.10735144391518","5.18514137588399","clean_energy","5089.45953659598","6.10735144391518","9190742.77094007","183.814855418801","53.3802771079528","107.142857142857","84","0.513017521288875","5089.45953659598","0.580988531574884","28.89","0.916102716587277","-24.6209613407033","32.623265883067","27.6971527347238","-403.736337147736","27186.0549025558","2.74035433417762","A case where AI and robotics improve, but dedicated clean energy and firm power do not arrive fast enough."
"energy_delayed","Energy-delayed buildout","2038","12","60","7.0036865883067","5.94612991347239","clean_energy","5836.40549025558","7.0036865883067","11488428.4636751","229.768569273502","58.4869282782096","107.142857142857","84","0.588309673417763","5836.40549025558","0.666256334504062","27.68","1.050552988246","-22.7844230747736","39.6269524713737","33.6432826481962","-426.52076022251","33022.4603928114","3.32866400759539","A case where AI and robotics improve, but dedicated clean energy and firm power do not arrive fast enough."
"energy_delayed","Energy-delayed buildout","2039","13","65","7.98965524713737","6.78321730481963","clean_energy","6658.04603928114","7.98965524713737","14360535.5795939","287.210711591877","63.6149257292987","107.142857142857","84","0.671131040759539","6658.04603928114","0.760050917726158","26.47","1.19844828707061","-20.885230982251","47.616607718511","40.4264999530159","-447.405991204761","39680.5064320925","3.99979504835493","A case where AI and robotics improve, but dedicated clean energy and firm power do not arrive fast enough."
"energy_delayed","Energy-delayed buildout","2040","14","70","9.07422077185111","7.70401343530159","clean_energy","7561.85064320926","9.07422077185111","17950669.4744923","359.013389489846","68.7627033070043","107.142857142857","84","0.762234544835493","7561.85064320926","0.863224959270463","25.26","1.36113311577767","-18.9171196804761","56.6908284903621","48.1305133883175","-466.323110885237","47242.3570753018","4.76202959319042","A case where AI and robotics improve, but dedicated clean energy and firm power do not arrive fast enough."
"energy_delayed","Energy-delayed buildout","2041","15","75","10.2672428490362","8.71688917883175","clean_energy","8556.03570753018","10.2672428490362","22438336.8431154","448.766736862308","73.9289140017611","107.142857142857","84","0.862448399319042","8556.03570753018","0.976716404969199","24.05","1.54008642735543","-16.8731972485237","66.9580713393984","56.8474025671492","-483.196308133761","55798.392782832","5.62447799250946","A case where AI and robotics improve, but dedicated clean energy and firm power do not arrive fast enough."
"energy_delayed","Energy-delayed buildout","2042","16","80","11.5795671339398","9.83105249671492","clean_energy","9649.6392782832","11.5795671339398","28047921.0538942","560.958421077885","79.1123866324025","107.142857142857","84","0.972683639250947","9649.6392782832","1.10155699523781","22.84","1.73693507009098","-14.7458825733761","78.5376384733382","66.6784550638641","-497.942190707137","65448.0320611152","6.59716163176041","A case where AI and robotics improve, but dedicated clean energy and firm power do not arrive fast enough."
"energy_delayed","Energy-delayed buildout","2043","17","85","13.0231238473338","11.0566321463864","clean_energy","10852.6032061115","13.0231238473338","35059901.3173678","701.198026347356","84.3120932814819","107.142857142857","84","1.09394240317604","10852.6032061115","1.23888164453328","21.63","1.95346857710007","-12.5268364307137","91.560762320672","77.7350872102506","-510.46902713785","76300.6352672267","7.69110403493645","A case where AI and robotics improve, but dedicated clean energy and firm power do not arrive fast enough."
"energy_delayed","Energy-delayed buildout","2044","18","90","14.6110362320672","12.4047697610251","clean_energy","12175.8635267227","14.6110362320672","43824876.6467097","876.497532934195","89.5271243337478","107.142857142857","84","1.22732704349365","12175.8635267227","1.3899387587583","20.42","2.19165543481008","-10.206885673785","106.171798552739","90.1398569712756","-520.675912811635","88476.4987939494","8.9184310784301","A case where AI and robotics improve, but dedicated clean energy and firm power do not arrive fast enough."
"energy_delayed","Energy-delayed buildout","2045","19","95","16.3577398552739","13.8877211371276","clean_energy","13631.4498793949","16.3577398552739","54781095.8083872","1095.62191616774","94.7566690162296","107.142857142857","84","1.37405014784301","13631.4498793949","1.55610158440582","19.21","2.45366097829109","-7.77593984116352","122.529538408013","104.027578108403","-528.451852652799","102107.948673344","10.2924812262731","A case where AI and robotics improve, but dedicated clean energy and firm power do not arrive fast enough."
"energy_delayed","Energy-delayed buildout","2046","20","100","18.2791138408013","15.5189676508403","clean_energy","15232.5948673344","18.2791138408013","68476369.760484","1369.52739520968","100","107.142857142857","84","1.53544556262731","15232.5948673344","1.73888069261809","18","2.7418670761202","-5.22289942527987","140.808652248814","119.546545759244","-533.674752078079","117340.543540679","11.8279267889004","A case where AI and robotics improve, but dedicated clean energy and firm power do not arrive fast enough."
"energy_delayed","Energy-delayed buildout","2047","21","100","20.3926252248815","17.3133388159244","clean_energy","16993.8543540679","20.3926252248815","85595462.200605","1711.9092440121","100","107.142857142857","84","1.71298051889004","16993.8543540679","1.93993771165159","16","3.05889378373222","-1.74555496780786","161.201277473696","136.859884575168","-535.420307045886","134334.397894747","13.5409073077905","A case where AI and robotics improve, but dedicated clean energy and firm power do not arrive fast enough."
"energy_delayed","Energy-delayed buildout","2048","22","100","22.7174877473696","19.2871470975168","clean_energy","18931.2397894747","22.7174877473696","106994327.750756","2139.88655501512","100","107.142857142857","84","1.90826897077905","18931.2397894747","2.16110043258843","14","3.40762316210544","1.87952393541136","183.918765221066","156.147031672685","-533.540783110475","153265.637684221","15.4491762785695","A case where AI and robotics improve, but dedicated clean energy and firm power do not arrive fast enough."
"energy_delayed","Energy-delayed buildout","2049","23","100","25.2748365221066","21.4583362072685","clean_energy","21062.3637684221","25.2748365221066","133742909.688445","2674.85819376891","100","107.142857142857","84","2.12308626785695","21062.3637684221","2.40437942561897","12","3.79122547831598","5.66711072895249","209.193601743172","177.605367879953","-527.873672381523","174328.001452643","17.5722625464265","A case where AI and robotics improve, but dedicated clean energy and firm power do not arrive fast enough."
"energy_delayed","Energy-delayed buildout","2050","24","100","28.0879201743172","23.8466442279953","clean_energy","23406.6001452644","28.0879201743172","167178637.110557","3343.57274221113","100","107.142857142857","84","2.35938529464265","23406.6001452644","2.67198631795255","10","4.21318802614758","9.63345620184774","237.281521917489","201.452012107948","-518.240216179675","197734.601597908","19.9316478410691","A case where AI and robotics improve, but dedicated clean energy and firm power do not arrive fast enough."
"energy_delayed","Energy-delayed buildout","2051","25","100","31.182312191749","26.4737830507949","clean_energy","25985.2601597908","31.182312191749","208973296.388196","4179.46592776391","100","107.142857142857","84","2.61931422410691","25985.2601597908","2.9663538995195","9.3","4.67734682876234","12.4964362220325","268.463834109238","227.925795158743","-505.743779957642","223719.861757699","22.550962065176","A case where AI and robotics improve, but dedicated clean energy and firm power do not arrive fast enough."
"energy_delayed","Energy-delayed buildout","2052","26","100","34.5861434109239","29.3636357558744","clean_energy","28821.7861757699","34.5861434109239","261216620.485245","5224.33240970489","100","107.142857142857","84","2.9052360465176","28821.7861757699","3.29015823924314","8.6","5.18792151163858","15.5757142442358","303.049977520162","257.289430914618","-490.168065713407","252541.647933468","25.4561981116936","A case where AI and robotics improve, but dedicated clean energy and firm power do not arrive fast enough."
"energy_delayed","Energy-delayed buildout","2053","27","100","38.3303577520162","32.5424737314618","clean_energy","31941.9647933469","38.3303577520162","326520775.606556","6530.41551213112","100","107.142857142857","84","3.21975005116936","31941.9647933469","3.64634301293914","7.9","5.74955366280244","18.8929200686594","341.380335272178","289.831904646079","-471.275145644747","284483.612726815","28.675948162863","A case where AI and robotics improve, but dedicated clean energy and firm power do not arrive fast enough."
"energy_delayed","Energy-delayed buildout","2054","28","100","42.4489935272179","36.039195504608","clean_energy","35374.1612726816","42.4489935272179","408150969.508195","8163.0193901639","100","107.142857142857","84","3.5657154562863","35374.1612726816","4.03814626400474","7.2","6.36734902908268","22.4718464755253","383.829328799396","325.871100150687","-448.803299169222","319857.773999497","32.2416636191493","A case where AI and robotics improve, but dedicated clean energy and firm power do not arrive fast enough."
"energy_delayed","Energy-delayed buildout","2055","29","100","46.9794928799397","39.8855894550688","clean_energy","39149.5773999497","46.9794928799397","510188711.885244","10203.7742377049","100","107.142857142857","84","3.94627740191493","39149.5773999497","4.46912984017691","6.5","7.04692393199095","26.3386655230778","430.808821679336","365.756689605756","-422.464633646144","359007.351399447","36.1879410210642","A case where AI and robotics improve, but dedicated clean energy and firm power do not arrive fast enough."
"energy_delayed","Energy-delayed buildout","2056","30","100","51.9630421679336","44.1166228005757","clean_energy","43302.5351399447","51.9630421679336","637735889.856554","12754.7177971311","100","107.142857142857","84","4.36489554210643","43302.5351399447","4.94321177396629","5.8","7.79445632519004","30.5221664753856","482.77186384727","409.873312406332","-391.942467170759","402309.886539391","40.5528365631706","A case where AI and robotics improve, but dedicated clean energy and firm power do not arrive fast enough."
"energy_delayed","Energy-delayed buildout","2057","31","100","57.444946384727","48.7707594806332","clean_energy","47870.7886539392","57.444946384727","797169862.320693","15943.3972464139","100","107.142857142857","84","4.82537549631707","47870.7886539392","5.46470190113461","5.1","8.61674195770905","35.0540175229242","540.216810231997","458.644071886965","-356.888449647834","450180.67519333","45.3782120594877","A case where AI and robotics improve, but dedicated clean energy and firm power do not arrive fast enough."
"energy_delayed","Energy-delayed buildout","2058","32","100","63.4750410231997","53.8903098286966","clean_energy","52895.8675193331","63.4750410231997","996462327.900866","19929.2465580173","100","107.142857142857","84","5.33190344594878","52895.8675193331","6.03834104101976","4.4","9.52125615347996","39.9690536752166","603.691851255196","512.534381715662","-316.919395972618","503076.542712664","50.7101155054365","A case where AI and robotics improve, but dedicated clean energy and firm power do not arrive fast enough."
"energy_delayed","Energy-delayed buildout","2059","33","100","70.1081451255197","59.5218152115662","clean_energy","58423.4542712664","70.1081451255197","1245577909.87608","24911.5581975217","100","107.142857142857","84","5.88908419054365","58423.4542712664","6.66934409489343","3.7","10.516221768828","45.3055934427383","673.799996380716","572.056196927228","-271.613802529879","561499.99698393","56.5991996959801","A case where AI and robotics improve, but dedicated clean energy and firm power do not arrive fast enough."
"energy_delayed","Energy-delayed buildout","2060","34","100","77.4045596380717","65.7164711327228","clean_energy","64503.799698393","77.4045596380717","1556972387.3451","31139.4477469021","100","107.142857142857","84","6.50198300959802","64503.799698393","7.36344745415446","3","11.6106839457107","51.1057871870121","751.204556018788","637.772668059951","-220.508015342867","626003.796682323","63.1011827055782","A case where AI and robotics improve, but dedicated clean energy and firm power do not arrive fast enough."
"rebound_failure","Rebound failure","2026","0","0","0","0","startup","493","0.7395","205988.88","4.57753066666667","0","31.6666666666667","300","0","0","0","42.2","0","-42.2","0","0","-42.2","0","0","A physical buildout case where governance fails and cheap removal licenses too much continued emissions."
"rebound_failure","Rebound failure","2027","1","5","1.59732","1.3736952","clean_energy","1064.88","1.59732","467594.7576","10.3909946133333","4.73490412632454","125","76","0.12139632","1064.88","0.121561643835616","41.59","0.9264456","-41.1427504","1.59732","1.3736952","-83.3427504","1064.88","0.12139632","A physical buildout case where governance fails and cheap removal licenses too much continued emissions."
"rebound_failure","Rebound failure","2028","2","10","2.5923912","2.229456432","clean_energy","1728.2608","2.5923912","799834.222152","17.7740938256","9.8037603194712","125","76","0.1970217312","1728.2608","0.1972900456621","40.98","1.503586896","-40.254130464","4.1897112","3.603151632","-123.596880864","2793.1408","0.3184180512","A physical buildout case where governance fails and cheap removal licenses too much continued emissions."
"rebound_failure","Rebound failure","2029","3","15","3.746673792","3.22213946112","clean_energy","2497.782528","3.746673792","1221778.34213304","27.1506298251787","15.0068142557346","125","76","0.284747208192","2497.782528","0.285134991780822","40.37","2.17307079936","-39.32093133824","7.936384992","6.82529109312","-162.91781220224","5290.923328","0.603165259392","A physical buildout case where governance fails and cheap removal licenses too much continued emissions."
"rebound_failure","Rebound failure","2030","4","20","5.08564159872","4.3736517748992","clean_energy","3390.42773248","5.08564159872","1757647.37450896","39.0588305446436","20.2989783609929","125","76","0.38650876150272","3390.42773248","0.387035129278539","39.76","2.9496721272576","-38.3360203523584","13.02202659072","11.1989428680192","-201.253832554598","8681.35106048","0.98967402089472","A physical buildout case where governance fails and cheap removal licenses too much continued emissions."
"rebound_failure","Rebound failure","2031","5","25","6.6388442545152","5.70940605888307","clean_energy","4425.8961696768","6.6388442545152","2438201.04562638","54.182245458364","25.6584072672622","125","76","0.504552163343155","4425.8961696768","0.50523928877589","39.15","3.85052966761882","-37.2911236087358","19.6608708452352","16.9083489269023","-238.544956163334","13107.2472301568","1.49422618423788","A physical buildout case where governance fails and cheap removal licenses too much continued emissions."
"rebound_failure","Rebound failure","2032","6","30","8.44055933523763","7.25888102830436","clean_energy","5627.03955682509","8.44055933523763","3302504.2079455","73.388982398789","31.0720568351295","125","76","0.64148250947806","5627.03955682509","0.642356113792818","38.54","4.89552441443783","-36.1766433861335","28.1014301804728","24.1672299552066","-274.721599549468","18734.2867869819","2.13570869371594","A physical buildout case where governance fails and cheap removal licenses too much continued emissions."
"rebound_failure","Rebound failure","2033","7","35","10.5305488288757","9.05627199283306","clean_energy","7020.3658859171","10.5305488288757","4400169.22409079","97.7815383131286","36.5312162596239","125","76","0.800321710994549","7020.3658859171","0.801411630812454","37.93","6.10771832074788","-34.9814463279148","38.6319790093485","33.2235019480397","-309.703045877382","25754.652672899","2.93603040471048","A physical buildout case where governance fails and cheap removal licenses too much continued emissions."
"rebound_failure","Rebound failure","2034","8","40","12.9549366414958","11.1412455116863","clean_energy","8636.62442766384","12.9549366414958","5588214.9145953","124.182553657673","42.0296405739023","125","76","0.984575184753677","8636.62442766384","0.985916030555232","37.32","7.51386325206754","-33.6926177403812","51.5869156508442","44.364747459726","-343.395663617764","34391.2771005628","3.92060558946416","A physical buildout case where governance fails and cheap removal licenses too much continued emissions."
"rebound_failure","Rebound failure","2035","9","45","15.7672265041351","13.5598147935562","clean_energy","10511.48433609","15.7672265041351","7097032.94153603","157.711843145245","47.5626259999762","125","76","1.19830921431427","10511.48433609","1.19994113425685","36.71","9.14499137239834","-32.2951765788422","67.3541421549793","57.9245622532822","-375.690840196606","44902.7614366529","5.11891480377843","A physical buildout case where governance fails and cheap removal licenses too much continued emissions."
"rebound_failure","Rebound failure","2036","10","50","19.0294827447967","16.3653551605251","clean_energy","12686.3218298645","19.0294827447967","9013231.83575076","200.294040794461","53.1264980908665","125","76","1.44624068860455","12686.3218298645","1.44821025455074","36.1","11.0370999919821","-30.7717448314569","86.383624899776","74.2899174138074","-406.462585028063","57589.0832665173","6.56515549238298","A physical buildout case where governance fails and cheap removal licenses too much continued emissions."
"rebound_failure","Rebound failure","2037","11","55","22.8136999839642","19.6197819862092","clean_energy","15209.1333226428","22.8136999839642","11446804.4314035","254.373431808966","58.718304818748","125","76","1.73384119878128","15209.1333226428","1.73620243409164","35.49","13.2319459906992","-29.10216400449","109.19732488374","93.9096994000165","-435.564749032553","72798.2165891601","8.29899669116425","A physical buildout case where governance fails and cheap removal licenses too much continued emissions."
"rebound_failure","Rebound failure","2038","12","60","27.2033919813984","23.3949171040026","clean_energy","18135.5946542656","27.2033919813984","14537441.6278824","323.054258397387","64.3356211060306","125","76","2.06745779058628","18135.5946542656","2.07027336235909","34.88","15.7779673492111","-27.2630502452084","136.400716865139","117.304616504019","-462.827799277761","90933.8112434257","10.3664544817505","A physical buildout case where governance fails and cheap removal licenses too much continued emissions."
"rebound_failure","Rebound failure","2039","13","65","32.2954346984222","27.7740738406431","clean_energy","21530.2897989481","32.2954346984222","18462550.8674107","410.278908164681","69.9764183022286","125","76","2.45445303708008","21530.2897989481","2.45779563914933","34.27","18.7313521250849","-25.2272782844418","168.696151563561","145.078690344662","-488.055077562203","112464.101042374","12.8209075188306","A physical buildout case where governance fails and cheap removal licenses too much continued emissions."
"rebound_failure","Rebound failure","2040","14","70","38.2022042501697","32.8538956551459","clean_energy","25468.1361667798","38.2022042501697","23447439.6016115","521.054213369145","75.6389736377048","125","76","2.9033675230129","25468.1361667798","2.907321480226","33.66","22.1572784650984","-22.9633828099525","206.89835581373","177.932585999808","-511.018460372156","137932.237209154","15.7242750418435","A physical buildout case where governance fails and cheap removal licenses too much continued emissions."
"rebound_failure","Rebound failure","2041","15","75","45.0540569301969","38.7464889599693","clean_energy","30036.0379534646","45.0540569301969","29778248.2940466","661.738850978814","81.3218054019372","125","76","3.42410832669496","30036.0379534646","3.42877145587495","33.05","26.1313530195142","-20.4348640595449","251.952412743927","216.679074959777","-531.4533244317","167968.275162618","19.1483833685385","A physical buildout case where governance fails and cheap removal licenses too much continued emissions."
"rebound_failure","Rebound failure","2042","16","80","53.0022060390283","45.5818971935644","clean_energy","35334.8040260189","53.0022060390283","37818375.3334392","840.408340743094","87.0236252956428","125","76","4.02816765896615","35334.8040260189","4.03365342762773","32.44","30.7412795026364","-17.5993823090721","304.954618782956","262.260972153342","-549.052706740772","203303.079188637","23.1765510275046","A physical buildout case where governance fails and cheap removal licenses too much continued emissions."
"rebound_failure","Rebound failure","2043","17","85","62.2220590052729","53.5109707445347","clean_energy","41481.3726701819","62.2220590052729","48029336.6734678","1067.31859274373","92.7433026096301","125","76","4.72887648440074","41481.3726701819","4.73531651486095","31.83","36.0887942230583","-14.4078234785236","367.176677788228","315.771942897877","-563.460530219296","244784.451858819","27.9054275119054","A physical buildout case where governance fails and cheap removal licenses too much continued emissions."
"rebound_failure","Rebound failure","2044","18","90","72.9170884461165","62.7086960636602","clean_energy","48611.392297411","72.9170884461165","60997257.5753042","1355.49461278454","98.4798367671226","125","76","5.54169872190486","48611.392297411","5.54924569605148","31.22","42.2919112987476","-10.8032152350874","440.093766234345","378.480638961537","-574.263745454383","293395.84415623","33.4471262338102","A physical buildout case where governance fails and cheap removal licenses too much continued emissions."
"rebound_failure","Rebound failure","2045","19","95","85.3233225974951","73.3780574338458","clean_energy","56882.2150649968","85.3233225974951","77466517.1206363","1721.47815823636","104.232335917853","125","76","6.48457251740963","56882.2150649968","6.49340354623251","30.61","49.4875271065472","-6.71946967270136","525.41708883184","451.858696395383","-580.983215127085","350278.059221227","39.9316987512199","A physical buildout case where governance fails and cheap removal licenses too much continued emissions."
"rebound_failure","Rebound failure","2046","20","100","99.7145542130944","85.7545166232612","clean_energy","66476.3694753962","99.7145542130944","98382476.7432081","2186.27726096018","110","125","76","7.57830612019517","66476.3694753962","7.58862665244249","30","57.8344414435947","-2.07992482033358","625.131643044935","537.613213018644","-583.063139947418","416754.428696623","47.510004871415","A physical buildout case where governance fails and cheap removal licenses too much continued emissions."
"rebound_failure","Rebound failure","2047","21","100","100","86","planned_target","77605.5885914596","116.408382887189","124945745.463874","2776.57212141943","110","125","76","7.6","66666.6666666667","7.6103500761035","29.5","58","-1.49999999999999","725.131643044935","623.613213018644","-584.563139947418","483421.09536329","55.110004871415","A physical buildout case where governance fails and cheap removal licenses too much continued emissions."
"rebound_failure","Rebound failure","2048","22","100","100","86","planned_target","90515.4827660932","135.77322414914","158681096.73912","3526.24659420267","110","125","76","7.6","66666.6666666667","7.6103500761035","29","58","-0.999999999999993","825.131643044935","709.613213018644","-585.563139947418","550087.762029956","62.710004871415","A physical buildout case where governance fails and cheap removal licenses too much continued emissions."
"rebound_failure","Rebound failure","2049","23","100","100","86","planned_target","105490.960008668","158.236440013002","201524992.858683","4478.3331746374","110","125","76","7.6","66666.6666666667","7.6103500761035","28.5","58","-0.499999999999993","925.131643044935","795.613213018644","-586.063139947418","616754.428696623","70.310004871415","A physical buildout case where governance fails and cheap removal licenses too much continued emissions."
"rebound_failure","Rebound failure","2050","24","100","100","86","planned_target","122862.513610055","184.293770415082","255936740.930527","5687.48313178949","110","125","76","7.6","66666.6666666667","7.6103500761035","28","58","7.105427357601E-15","1025.13164304493","881.613213018644","-586.063139947418","683421.09536329","77.910004871415","A physical buildout case where governance fails and cheap removal licenses too much continued emissions."
"rebound_failure","Rebound failure","2051","25","100","100","86","planned_target","143013.515787664","214.520273681496","325039660.98177","7223.10357737266","110","125","76","7.6","66666.6666666667","7.6103500761035","27","58","1.00000000000001","1125.13164304493","967.613213018644","-585.063139947418","750087.762029956","85.510004871415","A physical buildout case where governance fails and cheap removal licenses too much continued emissions."
"rebound_failure","Rebound failure","2052","26","100","100","86","planned_target","166388.67831369","249.583017470535","412800369.446847","9173.34154326327","110","125","76","7.6","66666.6666666667","7.6103500761035","26","58","2.00000000000001","1225.13164304493","1053.61321301864","-583.063139947418","816754.428696623","93.110004871415","A physical buildout case where governance fails and cheap removal licenses too much continued emissions."
"rebound_failure","Rebound failure","2053","27","100","100","86","planned_target","193503.86684388","290.25580026582","524256469.197496","11650.1437599444","110","125","76","7.6","66666.6666666667","7.6103500761035","25","58","3.00000000000001","1325.13164304493","1139.61321301864","-580.063139947418","883421.095363289","100.710004871415","A physical buildout case where governance fails and cheap removal licenses too much continued emissions."
"rebound_failure","Rebound failure","2054","28","100","100","86","planned_target","224957.485538901","337.436228308352","665805715.88082","14795.6825751293","110","125","76","7.6","66666.6666666667","7.6103500761035","24","58","4.00000000000001","1425.13164304493","1225.61321301864","-576.063139947418","950087.762029956","108.310004871415","A physical buildout case where governance fails and cheap removal licenses too much continued emissions."
"rebound_failure","Rebound failure","2055","29","100","100","86","planned_target","261443.683225125","392.165524837688","845573259.168641","18790.5168704143","110","125","76","7.6","66666.6666666667","7.6103500761035","23","58","5.00000000000001","1525.13164304493","1311.61321301864","-571.063139947418","1016754.42869662","115.910004871415","A physical buildout case where governance fails and cheap removal licenses too much continued emissions."
"rebound_failure","Rebound failure","2056","30","100","100","86","planned_target","303767.672541145","455.651508811718","1073878039.14417","23863.9564254261","110","125","76","7.6","66666.6666666667","7.6103500761035","22","58","6.00000000000001","1625.13164304493","1397.61321301864","-565.063139947418","1083421.09536329","123.510004871415","A physical buildout case where governance fails and cheap removal licenses too much continued emissions."
"rebound_failure","Rebound failure","2057","31","100","100","86","planned_target","352863.500147729","529.295250221593","1363825109.7131","30307.2246602912","110","125","76","7.6","66666.6666666667","7.6103500761035","21","58","7.00000000000001","1725.13164304493","1483.61321301864","-558.063139947418","1150087.76202996","131.110004871415","A physical buildout case where governance fails and cheap removal licenses too much continued emissions."
"rebound_failure","Rebound failure","2058","32","100","100","86","planned_target","409814.660171365","614.721990257048","1732057889.33564","38490.1753185698","110","125","76","7.6","66666.6666666667","7.6103500761035","20","58","8.00000000000001","1825.13164304493","1569.61321301864","-550.063139947418","1216754.42869662","138.710004871415","A physical buildout case where governance fails and cheap removal licenses too much continued emissions."
"rebound_failure","Rebound failure","2059","33","100","100","86","planned_target","475878.005798784","713.817008698175","2199713519.45626","48882.5226545836","110","125","76","7.6","66666.6666666667","7.6103500761035","19","58","9.00000000000001","1925.13164304493","1655.61321301864","-541.063139947418","1283421.09536329","146.310004871415","A physical buildout case where governance fails and cheap removal licenses too much continued emissions."
"rebound_failure","Rebound failure","2060","34","100","100","86","planned_target","552511.486726589","828.767230089883","2793636169.70945","62080.8037713212","110","125","76","7.6","66666.6666666667","7.6103500761035","18","58","10","2025.13164304493","1741.61321301864","-531.063139947418","1350087.76202996","153.910004871415","A physical buildout case where governance fails and cheap removal licenses too much continued emissions."
